file,scope,candidate_lines,categories,line_evidence,verification
apps/web/admin/eslint.config.mjs,admin,0,,,keyword-scan; runtime status only in audit report
apps/web/admin/next-env.d.ts,admin,0,,,keyword-scan; runtime status only in audit report
apps/web/admin/next.config.mjs,admin,0,,,keyword-scan; runtime status only in audit report
apps/web/admin/postcss.config.mjs,admin,0,,,keyword-scan; runtime status only in audit report
apps/web/admin/src/app/(auth)/layout.tsx,admin,0,,,keyword-scan; runtime status only in audit report
apps/web/admin/src/app/(auth)/login/page.tsx,admin,0,,,keyword-scan; runtime status only in audit report
apps/web/admin/src/app/(auth)/password-reset/page.tsx,admin,0,,,keyword-scan; runtime status only in audit report
apps/web/admin/src/app/(main)/ai-operations/page.tsx,admin,0,,,keyword-scan; runtime status only in audit report
apps/web/admin/src/app/(main)/auth/page.tsx,admin,0,,,keyword-scan; runtime status only in audit report
apps/web/admin/src/app/(main)/business-years/page.tsx,admin,0,,,keyword-scan; runtime status only in audit report
apps/web/admin/src/app/(main)/codes/page.tsx,admin,0,,,keyword-scan; runtime status only in audit report
apps/web/admin/src/app/(main)/layout.tsx,admin,5,"failure,recovery,state",25:state;109:failure;111:state;112:failure;114:recovery,keyword-scan; runtime status only in audit report
apps/web/admin/src/app/(main)/organizations/page.tsx,admin,0,,,keyword-scan; runtime status only in audit report
apps/web/admin/src/app/(main)/page.tsx,admin,0,,,keyword-scan; runtime status only in audit report
apps/web/admin/src/app/(main)/roles/page.tsx,admin,0,,,keyword-scan; runtime status only in audit report
apps/web/admin/src/app/(main)/ssoo/search/page.tsx,admin,0,,,keyword-scan; runtime status only in audit report
apps/web/admin/src/app/(main)/users/page.tsx,admin,0,,,keyword-scan; runtime status only in audit report
apps/web/admin/src/app/api/_shared/serverApiProxy.ts,admin,0,,,keyword-scan; runtime status only in audit report
apps/web/admin/src/app/api/auth/[action]/route.ts,admin,0,,,keyword-scan; runtime status only in audit report
apps/web/admin/src/app/api/auth/password-reset/[action]/route.ts,admin,0,,,keyword-scan; runtime status only in audit report
apps/web/admin/src/app/api/launch-readiness/readinessContract.ts,admin,2,notice,30:notice;52:notice,keyword-scan; runtime status only in audit report
apps/web/admin/src/app/api/launch-readiness/route.ts,admin,3,"failure,notice",12:failure;25:failure;29:notice,keyword-scan; runtime status only in audit report
apps/web/admin/src/app/api/notifications/[[...path]]/route.ts,admin,0,,,keyword-scan; runtime status only in audit report
apps/web/admin/src/app/layout.tsx,admin,0,,,keyword-scan; runtime status only in audit report
apps/web/admin/src/app/providers.tsx,admin,0,,,keyword-scan; runtime status only in audit report
apps/web/admin/src/app/ssot-icon.svg/route.ts,admin,0,,,keyword-scan; runtime status only in audit report
apps/web/admin/src/components/layout/AccessRecovery.tsx,admin,11,"failure,notice,recovery,state","12:state;15:recovery;18:state,recovery;24:failure;31:recovery;35:recovery;44:notice;72:state,failure;75:recovery;78:recovery;79:recovery",keyword-scan; runtime status only in audit report
apps/web/admin/src/components/layout/ContentArea.tsx,admin,3,state,7:state;56:state;128:state,keyword-scan; runtime status only in audit report
apps/web/admin/src/components/layout/Header.tsx,admin,0,,,keyword-scan; runtime status only in audit report
apps/web/admin/src/components/layout/HeaderNotifications.tsx,admin,1,failure,60:failure,keyword-scan; runtime status only in audit report
apps/web/admin/src/components/layout/Sidebar.tsx,admin,3,"recovery,state",7:state;67:recovery;96:state,keyword-scan; runtime status only in audit report
apps/web/admin/src/components/layout/TabBar.tsx,admin,0,,,keyword-scan; runtime status only in audit report
apps/web/admin/src/components/layout/navigation.ts,admin,0,,,keyword-scan; runtime status only in audit report
apps/web/admin/src/components/pages/ai/AiOperationsPage.tsx,admin,8,"failure,notice,recovery","40:failure;42:recovery;53:recovery;73:failure;75:failure,notice;170:notice;184:notice;186:failure,notice",keyword-scan; runtime status only in audit report
apps/web/admin/src/components/pages/auth/AuthPolicyPage.tsx,admin,11,"failure,notice,recovery","258:failure,notice;283:recovery;287:recovery;508:failure;522:notice;548:recovery;550:recovery;557:failure;581:notice;633:recovery;635:recovery",keyword-scan; runtime status only in audit report
apps/web/admin/src/components/pages/business-years/BusinessYearManagementPage.tsx,admin,6,"failure,notice","20:failure;21:failure;22:failure,notice;24:failure,notice;132:failure;186:failure",keyword-scan; runtime status only in audit report
apps/web/admin/src/components/pages/codes/CodeManagementPage.tsx,admin,12,"failure,notice,recovery","58:failure;59:failure;60:failure,notice;62:failure,notice;213:recovery;214:recovery;215:recovery;216:recovery;220:recovery;237:recovery;281:failure;340:failure",keyword-scan; runtime status only in audit report
apps/web/admin/src/components/pages/dashboard/DashboardPage.tsx,admin,2,"failure,recovery",18:failure;21:recovery,keyword-scan; runtime status only in audit report
apps/web/admin/src/components/pages/dashboard/LaunchReadinessPanel.tsx,admin,6,"failure,notice,recovery,state","21:failure;57:failure;63:failure,notice;86:recovery;89:state,failure;112:recovery",keyword-scan; runtime status only in audit report
apps/web/admin/src/components/pages/organizations/OrgManagementPage.tsx,admin,4,"failure,notice,recovery","125:failure,notice;191:failure,notice;238:recovery;307:failure",keyword-scan; runtime status only in audit report
apps/web/admin/src/components/pages/roles/AccessManagementPage.tsx,admin,26,"failure,notice,recovery","367:recovery;369:recovery;384:failure;463:failure;466:recovery;468:recovery;473:failure;585:failure;590:notice;592:recovery;594:recovery;721:failure;726:notice;728:recovery;730:recovery;843:failure;844:failure;848:failure;850:recovery;851:recovery;903:failure;905:failure,notice;979:recovery;980:recovery;985:failure;987:failure,notice",keyword-scan; runtime status only in audit report
apps/web/admin/src/components/pages/search/GlobalSearchPage.tsx,admin,0,,,keyword-scan; runtime status only in audit report
apps/web/admin/src/components/pages/users/UserManagementPage.tsx,admin,17,"failure,notice,recovery","296:failure,notice;307:failure,notice;318:failure,notice;326:failure;328:failure,notice;555:failure;556:notice,recovery;625:recovery;832:failure;860:failure;862:notice;895:failure,notice;901:recovery;910:notice;912:failure,notice;929:failure,notice;944:failure",keyword-scan; runtime status only in audit report
apps/web/admin/src/components/ui/button.tsx,admin,0,,,keyword-scan; runtime status only in audit report
apps/web/admin/src/components/ui/dialog.tsx,admin,0,,,keyword-scan; runtime status only in audit report
apps/web/admin/src/components/ui/input.tsx,admin,0,,,keyword-scan; runtime status only in audit report
apps/web/admin/src/components/ui/select.tsx,admin,0,,,keyword-scan; runtime status only in audit report
apps/web/admin/src/components/ui/table.tsx,admin,0,,,keyword-scan; runtime status only in audit report
apps/web/admin/src/hooks/queries/useAccessOps.ts,admin,0,,,keyword-scan; runtime status only in audit report
apps/web/admin/src/hooks/queries/useAiOperations.ts,admin,0,,,keyword-scan; runtime status only in audit report
apps/web/admin/src/hooks/queries/useAuthAdmin.ts,admin,0,,,keyword-scan; runtime status only in audit report
apps/web/admin/src/hooks/queries/useCodes.ts,admin,0,,,keyword-scan; runtime status only in audit report
apps/web/admin/src/hooks/queries/useOrganizations.ts,admin,0,,,keyword-scan; runtime status only in audit report
apps/web/admin/src/hooks/queries/useServiceAccess.ts,admin,0,,,keyword-scan; runtime status only in audit report
apps/web/admin/src/hooks/queries/useStats.ts,admin,0,,,keyword-scan; runtime status only in audit report
apps/web/admin/src/hooks/queries/useUsers.ts,admin,0,,,keyword-scan; runtime status only in audit report
apps/web/admin/src/lib/api/auth.ts,admin,0,,,keyword-scan; runtime status only in audit report
apps/web/admin/src/lib/api/client.ts,admin,0,,,keyword-scan; runtime status only in audit report
apps/web/admin/src/lib/api/endpoints/accessOps.ts,admin,0,,,keyword-scan; runtime status only in audit report
apps/web/admin/src/lib/api/endpoints/aiOperations.ts,admin,0,,,keyword-scan; runtime status only in audit report
apps/web/admin/src/lib/api/endpoints/authAdmin.ts,admin,0,,,keyword-scan; runtime status only in audit report
apps/web/admin/src/lib/api/endpoints/codes.ts,admin,0,,,keyword-scan; runtime status only in audit report
apps/web/admin/src/lib/api/endpoints/organizations.ts,admin,0,,,keyword-scan; runtime status only in audit report
apps/web/admin/src/lib/api/endpoints/serviceAccess.ts,admin,0,,,keyword-scan; runtime status only in audit report
apps/web/admin/src/lib/api/endpoints/stats.ts,admin,0,,,keyword-scan; runtime status only in audit report
apps/web/admin/src/lib/api/endpoints/users.ts,admin,0,,,keyword-scan; runtime status only in audit report
apps/web/admin/src/lib/api/types.ts,admin,1,failure,4:failure,keyword-scan; runtime status only in audit report
apps/web/admin/src/lib/constants/routes.ts,admin,0,,,keyword-scan; runtime status only in audit report
apps/web/admin/src/lib/user-scope.ts,admin,0,,,keyword-scan; runtime status only in audit report
apps/web/admin/src/lib/utils.ts,admin,0,,,keyword-scan; runtime status only in audit report
apps/web/admin/src/middleware.ts,admin,3,route,4:route;13:route;16:route,keyword-scan; runtime status only in audit report
apps/web/admin/src/stores/auth.store.ts,admin,0,,,keyword-scan; runtime status only in audit report
apps/web/admin/src/stores/tab.store.ts,admin,0,,,keyword-scan; runtime status only in audit report
apps/web/admin/tailwind.config.ts,admin,0,,,keyword-scan; runtime status only in audit report
apps/web/crm/eslint.config.mjs,crm,0,,,keyword-scan; runtime status only in audit report
apps/web/crm/next-env.d.ts,crm,0,,,keyword-scan; runtime status only in audit report
apps/web/crm/next.config.mjs,crm,0,,,keyword-scan; runtime status only in audit report
apps/web/crm/postcss.config.mjs,crm,0,,,keyword-scan; runtime status only in audit report
apps/web/crm/src/app/(auth)/layout.tsx,crm,0,,,keyword-scan; runtime status only in audit report
apps/web/crm/src/app/(auth)/login/page.tsx,crm,0,,,keyword-scan; runtime status only in audit report
apps/web/crm/src/app/(auth)/password-reset/page.tsx,crm,0,,,keyword-scan; runtime status only in audit report
apps/web/crm/src/app/(main)/business-plan-performance/page.tsx,crm,0,,,keyword-scan; runtime status only in audit report
apps/web/crm/src/app/(main)/business-plan/page.tsx,crm,0,,,keyword-scan; runtime status only in audit report
apps/web/crm/src/app/(main)/contract-performance/page.tsx,crm,0,,,keyword-scan; runtime status only in audit report
apps/web/crm/src/app/(main)/contracts/page.tsx,crm,0,,,keyword-scan; runtime status only in audit report
apps/web/crm/src/app/(main)/cost-plan/page.tsx,crm,0,,,keyword-scan; runtime status only in audit report
apps/web/crm/src/app/(main)/customers/page.tsx,crm,0,,,keyword-scan; runtime status only in audit report
apps/web/crm/src/app/(main)/layout.tsx,crm,0,,,keyword-scan; runtime status only in audit report
apps/web/crm/src/app/(main)/operations/page.tsx,crm,0,,,keyword-scan; runtime status only in audit report
apps/web/crm/src/app/(main)/operations/settings/page.tsx,crm,0,,,keyword-scan; runtime status only in audit report
apps/web/crm/src/app/(main)/page.tsx,crm,0,,,keyword-scan; runtime status only in audit report
apps/web/crm/src/app/(main)/quote-settings/page.tsx,crm,0,,,keyword-scan; runtime status only in audit report
apps/web/crm/src/app/(main)/reports/page.tsx,crm,0,,,keyword-scan; runtime status only in audit report
apps/web/crm/src/app/(main)/settings/page.tsx,crm,0,,,keyword-scan; runtime status only in audit report
apps/web/crm/src/app/(main)/ssoo/search/page.tsx,crm,0,,,keyword-scan; runtime status only in audit report
apps/web/crm/src/app/api/_shared/serverApiProxy.ts,crm,0,,,keyword-scan; runtime status only in audit report
apps/web/crm/src/app/api/auth/[action]/route.ts,crm,0,,,keyword-scan; runtime status only in audit report
apps/web/crm/src/app/api/auth/password-reset/[action]/route.ts,crm,0,,,keyword-scan; runtime status only in audit report
apps/web/crm/src/app/api/codes/route.ts,crm,0,,,keyword-scan; runtime status only in audit report
apps/web/crm/src/app/api/crm/_shared/forwardCrmJson.ts,crm,0,,,keyword-scan; runtime status only in audit report
apps/web/crm/src/app/api/crm/access/route.ts,crm,0,,,keyword-scan; runtime status only in audit report
apps/web/crm/src/app/api/crm/business-plan/performance-actual/monthly/route.ts,crm,0,,,keyword-scan; runtime status only in audit report
apps/web/crm/src/app/api/crm/business-plan/performance-preview/route.ts,crm,0,,,keyword-scan; runtime status only in audit report
apps/web/crm/src/app/api/crm/business-plan/plans/[id]/confirm/route.ts,crm,0,,,keyword-scan; runtime status only in audit report
apps/web/crm/src/app/api/crm/business-plan/plans/[id]/lines/[lineId]/monthly-plan/route.ts,crm,0,,,keyword-scan; runtime status only in audit report
apps/web/crm/src/app/api/crm/business-plan/plans/[id]/reopen/route.ts,crm,0,,,keyword-scan; runtime status only in audit report
apps/web/crm/src/app/api/crm/business-plan/plans/[id]/route.ts,crm,0,,,keyword-scan; runtime status only in audit report
apps/web/crm/src/app/api/crm/business-plan/plans/[id]/rows/[rowCode]/route.ts,crm,0,,,keyword-scan; runtime status only in audit report
apps/web/crm/src/app/api/crm/business-plan/plans/[id]/rows/[rowCode]/wbs/route.ts,crm,0,,,keyword-scan; runtime status only in audit report
apps/web/crm/src/app/api/crm/business-plan/plans/[id]/rows/route.ts,crm,0,,,keyword-scan; runtime status only in audit report
apps/web/crm/src/app/api/crm/business-plan/plans/[id]/versions/route.ts,crm,0,,,keyword-scan; runtime status only in audit report
apps/web/crm/src/app/api/crm/business-plan/plans/carry-forward/route.ts,crm,0,,,keyword-scan; runtime status only in audit report
apps/web/crm/src/app/api/crm/business-plan/plans/route.ts,crm,0,,,keyword-scan; runtime status only in audit report
apps/web/crm/src/app/api/crm/business-plan/plans/snapshot/route.ts,crm,0,,,keyword-scan; runtime status only in audit report
apps/web/crm/src/app/api/crm/business-plan/preview/route.ts,crm,0,,,keyword-scan; runtime status only in audit report
apps/web/crm/src/app/api/crm/contract-approvals/[...segments]/route.ts,crm,0,,,keyword-scan; runtime status only in audit report
apps/web/crm/src/app/api/crm/contracts/[id]/billing-actual/route.ts,crm,0,,,keyword-scan; runtime status only in audit report
apps/web/crm/src/app/api/crm/contracts/[id]/confirm/route.ts,crm,0,,,keyword-scan; runtime status only in audit report
apps/web/crm/src/app/api/crm/contracts/[id]/dms-document-artifacts/[kind]/route.ts,crm,0,,,keyword-scan; runtime status only in audit report
apps/web/crm/src/app/api/crm/contracts/[id]/dms-document-draft/route.ts,crm,0,,,keyword-scan; runtime status only in audit report
apps/web/crm/src/app/api/crm/contracts/[id]/dms-document-execution-evidence/route.ts,crm,0,,,keyword-scan; runtime status only in audit report
apps/web/crm/src/app/api/crm/contracts/[id]/dms-document-lifecycle-execution/route.ts,crm,0,,,keyword-scan; runtime status only in audit report
apps/web/crm/src/app/api/crm/contracts/[id]/dms-document-preview/route.ts,crm,0,,,keyword-scan; runtime status only in audit report
apps/web/crm/src/app/api/crm/contracts/[id]/pms-handoff-preview/route.ts,crm,0,,,keyword-scan; runtime status only in audit report
apps/web/crm/src/app/api/crm/contracts/[id]/reopen/route.ts,crm,0,,,keyword-scan; runtime status only in audit report
apps/web/crm/src/app/api/crm/contracts/[id]/route.ts,crm,0,,,keyword-scan; runtime status only in audit report
apps/web/crm/src/app/api/crm/contracts/billing-split-preview/route.ts,crm,0,,,keyword-scan; runtime status only in audit report
apps/web/crm/src/app/api/crm/contracts/monthly-performance/route.ts,crm,0,,,keyword-scan; runtime status only in audit report
apps/web/crm/src/app/api/crm/contracts/route.ts,crm,0,,,keyword-scan; runtime status only in audit report
apps/web/crm/src/app/api/crm/cost-plan/accounting-payment-handoff/route.ts,crm,0,,,keyword-scan; runtime status only in audit report
apps/web/crm/src/app/api/crm/cost-plan/accounting-payment-handoffs/[id]/execute/route.ts,crm,0,,,keyword-scan; runtime status only in audit report
apps/web/crm/src/app/api/crm/cost-plan/accounting-payment-handoffs/[id]/execution-evidence/route.ts,crm,0,,,keyword-scan; runtime status only in audit report
apps/web/crm/src/app/api/crm/cost-plan/accounting-payment-preview/route.ts,crm,0,,,keyword-scan; runtime status only in audit report
apps/web/crm/src/app/api/crm/cost-plan/ams/external-cost/monthly/[id]/confirm/route.ts,crm,0,,,keyword-scan; runtime status only in audit report
apps/web/crm/src/app/api/crm/cost-plan/ams/external-cost/monthly/[id]/reopen/route.ts,crm,0,,,keyword-scan; runtime status only in audit report
apps/web/crm/src/app/api/crm/cost-plan/ams/external-cost/monthly/route.ts,crm,0,,,keyword-scan; runtime status only in audit report
apps/web/crm/src/app/api/crm/cost-plan/ams/source/external-cost/route.ts,crm,0,,,keyword-scan; runtime status only in audit report
apps/web/crm/src/app/api/crm/cost-plan/ams/source/vendors/[id]/route.ts,crm,0,,,keyword-scan; runtime status only in audit report
apps/web/crm/src/app/api/crm/cost-plan/ams/source/vendors/[id]/wbs/route.ts,crm,0,,,keyword-scan; runtime status only in audit report
apps/web/crm/src/app/api/crm/cost-plan/ams/source/vendors/route.ts,crm,0,,,keyword-scan; runtime status only in audit report
apps/web/crm/src/app/api/crm/cost-plan/ams/vendor-wbs/route.ts,crm,0,,,keyword-scan; runtime status only in audit report
apps/web/crm/src/app/api/crm/cost-plan/internal-cost/monthly/[id]/confirm/route.ts,crm,0,,,keyword-scan; runtime status only in audit report
apps/web/crm/src/app/api/crm/cost-plan/internal-cost/monthly/[id]/reopen/route.ts,crm,0,,,keyword-scan; runtime status only in audit report
apps/web/crm/src/app/api/crm/cost-plan/internal-cost/monthly/route.ts,crm,0,,,keyword-scan; runtime status only in audit report
apps/web/crm/src/app/api/crm/cost-plan/internal-cost/source-grid/route.ts,crm,0,,,keyword-scan; runtime status only in audit report
apps/web/crm/src/app/api/crm/cost-plan/preview/route.ts,crm,0,,,keyword-scan; runtime status only in audit report
apps/web/crm/src/app/api/crm/customers/[id]/access/route.ts,crm,0,,,keyword-scan; runtime status only in audit report
apps/web/crm/src/app/api/crm/customers/[id]/activities/route.ts,crm,0,,,keyword-scan; runtime status only in audit report
apps/web/crm/src/app/api/crm/customers/[id]/route.ts,crm,0,,,keyword-scan; runtime status only in audit report
apps/web/crm/src/app/api/crm/customers/access/route.ts,crm,0,,,keyword-scan; runtime status only in audit report
apps/web/crm/src/app/api/crm/customers/route.ts,crm,0,,,keyword-scan; runtime status only in audit report
apps/web/crm/src/app/api/crm/dashboard/route.ts,crm,0,,,keyword-scan; runtime status only in audit report
apps/web/crm/src/app/api/crm/operations/access/route.ts,crm,0,,,keyword-scan; runtime status only in audit report
apps/web/crm/src/app/api/crm/operations/attempts/[id]/retry/route.ts,crm,0,,,keyword-scan; runtime status only in audit report
apps/web/crm/src/app/api/crm/operations/attempts/[id]/route.ts,crm,0,,,keyword-scan; runtime status only in audit report
apps/web/crm/src/app/api/crm/operations/attempts/route.ts,crm,0,,,keyword-scan; runtime status only in audit report
apps/web/crm/src/app/api/crm/operations/launch-readiness/route.ts,crm,0,,,keyword-scan; runtime status only in audit report
apps/web/crm/src/app/api/crm/operations/overview/route.ts,crm,0,,,keyword-scan; runtime status only in audit report
apps/web/crm/src/app/api/crm/operations/preview/route.ts,crm,0,,,keyword-scan; runtime status only in audit report
apps/web/crm/src/app/api/crm/opportunities/[id]/access/route.ts,crm,0,,,keyword-scan; runtime status only in audit report
apps/web/crm/src/app/api/crm/opportunities/[id]/confirm/route.ts,crm,0,,,keyword-scan; runtime status only in audit report
apps/web/crm/src/app/api/crm/opportunities/[id]/contract-document-artifact/route.ts,crm,0,,,keyword-scan; runtime status only in audit report
apps/web/crm/src/app/api/crm/opportunities/[id]/contract-document-draft/route.ts,crm,0,,,keyword-scan; runtime status only in audit report
apps/web/crm/src/app/api/crm/opportunities/[id]/contract-document-lifecycle-execution/route.ts,crm,0,,,keyword-scan; runtime status only in audit report
apps/web/crm/src/app/api/crm/opportunities/[id]/contract-document-preview/route.ts,crm,0,,,keyword-scan; runtime status only in audit report
apps/web/crm/src/app/api/crm/opportunities/[id]/contract-document-sample/route.ts,crm,0,,,keyword-scan; runtime status only in audit report
apps/web/crm/src/app/api/crm/opportunities/[id]/convert-contract/route.ts,crm,0,,,keyword-scan; runtime status only in audit report
apps/web/crm/src/app/api/crm/opportunities/[id]/history/route.ts,crm,0,,,keyword-scan; runtime status only in audit report
apps/web/crm/src/app/api/crm/opportunities/[id]/quote-dms-artifacts/[kind]/route.ts,crm,0,,,keyword-scan; runtime status only in audit report
apps/web/crm/src/app/api/crm/opportunities/[id]/quote-dms-document-draft/route.ts,crm,0,,,keyword-scan; runtime status only in audit report
apps/web/crm/src/app/api/crm/opportunities/[id]/quote-dms-document-execution-evidence/route.ts,crm,0,,,keyword-scan; runtime status only in audit report
apps/web/crm/src/app/api/crm/opportunities/[id]/quote-dms-document-lifecycle-execution/route.ts,crm,0,,,keyword-scan; runtime status only in audit report
apps/web/crm/src/app/api/crm/opportunities/[id]/quote-preview/route.ts,crm,0,,,keyword-scan; runtime status only in audit report
apps/web/crm/src/app/api/crm/opportunities/[id]/quote-workflow/route.ts,crm,0,,,keyword-scan; runtime status only in audit report
apps/web/crm/src/app/api/crm/opportunities/[id]/reopen/route.ts,crm,0,,,keyword-scan; runtime status only in audit report
apps/web/crm/src/app/api/crm/opportunities/[id]/revoke-contract/route.ts,crm,0,,,keyword-scan; runtime status only in audit report
apps/web/crm/src/app/api/crm/opportunities/[id]/route.ts,crm,0,,,keyword-scan; runtime status only in audit report
apps/web/crm/src/app/api/crm/opportunities/[id]/versions/route.ts,crm,0,,,keyword-scan; runtime status only in audit report
apps/web/crm/src/app/api/crm/opportunities/access/route.ts,crm,0,,,keyword-scan; runtime status only in audit report
apps/web/crm/src/app/api/crm/opportunities/owners/lookup/route.ts,crm,0,,,keyword-scan; runtime status only in audit report
apps/web/crm/src/app/api/crm/opportunities/route.ts,crm,0,,,keyword-scan; runtime status only in audit report
apps/web/crm/src/app/api/crm/quote-seller-profile/ci/route.ts,crm,0,,,keyword-scan; runtime status only in audit report
apps/web/crm/src/app/api/crm/quote-seller-profile/route.ts,crm,0,,,keyword-scan; runtime status only in audit report
apps/web/crm/src/app/api/crm/reports/confirm/route.ts,crm,0,,,keyword-scan; runtime status only in audit report
apps/web/crm/src/app/api/crm/reports/confirmations/[id]/reopen/route.ts,crm,0,,,keyword-scan; runtime status only in audit report
apps/web/crm/src/app/api/crm/reports/preview/route.ts,crm,0,,,keyword-scan; runtime status only in audit report
apps/web/crm/src/app/api/crm/settings/history/route.ts,crm,0,,,keyword-scan; runtime status only in audit report
apps/web/crm/src/app/api/crm/settings/route.ts,crm,0,,,keyword-scan; runtime status only in audit report
apps/web/crm/src/app/api/notifications/[[...path]]/route.ts,crm,0,,,keyword-scan; runtime status only in audit report
apps/web/crm/src/app/layout.tsx,crm,0,,,keyword-scan; runtime status only in audit report
apps/web/crm/src/app/providers.tsx,crm,0,,,keyword-scan; runtime status only in audit report
apps/web/crm/src/app/ssot-icon.svg/route.ts,crm,0,,,keyword-scan; runtime status only in audit report
apps/web/crm/src/components/layout/AppLayout.tsx,crm,6,"recovery,state",12:state;275:recovery;288:state;310:state;313:state;355:state,keyword-scan; runtime status only in audit report
apps/web/crm/src/components/layout/ContentArea.tsx,crm,3,state,7:state;95:state;152:state,keyword-scan; runtime status only in audit report
apps/web/crm/src/components/layout/Header.tsx,crm,0,,,keyword-scan; runtime status only in audit report
apps/web/crm/src/components/layout/HeaderNotifications.tsx,crm,0,,,keyword-scan; runtime status only in audit report
apps/web/crm/src/components/layout/TabBar.tsx,crm,0,,,keyword-scan; runtime status only in audit report
apps/web/crm/src/components/pages/business-plan-performance/BusinessPlanPerformancePreviewWorkspace.tsx,crm,0,,,keyword-scan; runtime status only in audit report
apps/web/crm/src/components/pages/business-plan-performance/BusinessPlanPerformancePreviewWorkspaceClient.tsx,crm,9,"failure,notice,recovery","29:failure;105:notice;108:failure,notice;195:failure,notice;244:failure,notice;271:failure;291:recovery;394:failure;553:failure",keyword-scan; runtime status only in audit report
apps/web/crm/src/components/pages/business-plan-performance/BusinessPlanPerformancePreviewWorkspaceMdiPage.tsx,crm,0,,,keyword-scan; runtime status only in audit report
apps/web/crm/src/components/pages/business-plan-performance/businessPlanPerformancePreviewFallback.ts,crm,0,,,keyword-scan; runtime status only in audit report
apps/web/crm/src/components/pages/business-plan-performance/businessPlanPerformancePreviewQuery.ts,crm,0,,,keyword-scan; runtime status only in audit report
apps/web/crm/src/components/pages/business-plan/BusinessPlanPreviewWorkspace.tsx,crm,0,,,keyword-scan; runtime status only in audit report
apps/web/crm/src/components/pages/business-plan/BusinessPlanPreviewWorkspaceClient.tsx,crm,23,"failure,notice,recovery","40:failure;88:notice;91:failure,notice;157:failure,notice;189:failure,notice;226:failure,notice;261:failure,notice;287:failure,notice;343:recovery;421:failure;428:notice;430:failure;547:failure,notice;598:failure;618:recovery;659:failure;662:failure;781:failure;803:failure,notice;829:failure,notice;859:failure,notice;876:failure;969:failure",keyword-scan; runtime status only in audit report
apps/web/crm/src/components/pages/business-plan/BusinessPlanPreviewWorkspaceMdiPage.tsx,crm,0,,,keyword-scan; runtime status only in audit report
apps/web/crm/src/components/pages/business-plan/businessPlanGrid.ts,crm,0,,,keyword-scan; runtime status only in audit report
apps/web/crm/src/components/pages/business-plan/businessPlanPreviewFallback.ts,crm,0,,,keyword-scan; runtime status only in audit report
apps/web/crm/src/components/pages/business-plan/businessPlanPreviewQuery.ts,crm,0,,,keyword-scan; runtime status only in audit report
apps/web/crm/src/components/pages/contracts/ContractApprovalPanel.tsx,crm,11,"failure,recovery,state","19:failure,recovery;34:failure;39:recovery;40:state,failure;42:failure;80:failure;92:failure,recovery;110:failure;118:recovery;120:state,failure;143:failure",keyword-scan; runtime status only in audit report
apps/web/crm/src/components/pages/contracts/ContractPerformanceWorkspace.tsx,crm,0,,,keyword-scan; runtime status only in audit report
apps/web/crm/src/components/pages/contracts/ContractPerformanceWorkspaceClient.tsx,crm,7,"failure,notice,recovery","24:failure;74:notice;77:failure,notice;131:failure,notice;175:failure;196:recovery;249:failure",keyword-scan; runtime status only in audit report
apps/web/crm/src/components/pages/contracts/ContractPerformanceWorkspaceMdiPage.tsx,crm,0,,,keyword-scan; runtime status only in audit report
apps/web/crm/src/components/pages/contracts/ContractUpsertPanel.tsx,crm,14,"failure,notice,state","39:failure;262:notice;265:failure,notice;407:failure;659:failure,notice;711:failure,notice;746:failure,notice;775:notice;778:failure;779:state;882:notice;886:failure;983:failure;1080:failure",keyword-scan; runtime status only in audit report
apps/web/crm/src/components/pages/contracts/ContractWorkspace.tsx,crm,0,,,keyword-scan; runtime status only in audit report
apps/web/crm/src/components/pages/contracts/ContractWorkspaceClient.tsx,crm,31,"failure,notice,recovery,state","60:failure;219:notice;222:failure,notice;299:failure,notice;334:failure,notice;369:failure,notice;410:failure,notice;460:failure,notice;504:failure,notice;585:notice;609:failure,notice;664:failure;703:recovery;744:failure;804:failure;897:failure;994:recovery;1059:failure;1239:notice;1244:notice;1251:failure;1394:failure;1539:failure;1546:failure;1553:failure;2040:failure,notice;2053:failure;2056:failure;2057:state;2130:failure;2136:failure",keyword-scan; runtime status only in audit report
apps/web/crm/src/components/pages/contracts/ContractWorkspaceMdiPage.tsx,crm,0,,,keyword-scan; runtime status only in audit report
apps/web/crm/src/components/pages/contracts/contractPerformanceFallback.ts,crm,0,,,keyword-scan; runtime status only in audit report
apps/web/crm/src/components/pages/contracts/contractPerformanceQuery.ts,crm,0,,,keyword-scan; runtime status only in audit report
apps/web/crm/src/components/pages/contracts/contractWorkspaceFallback.ts,crm,0,,,keyword-scan; runtime status only in audit report
apps/web/crm/src/components/pages/cost-plan/CostPlanPreviewWorkspace.tsx,crm,0,,,keyword-scan; runtime status only in audit report
apps/web/crm/src/components/pages/cost-plan/CostPlanPreviewWorkspaceClient.tsx,crm,28,"failure,notice,recovery","53:failure;134:notice;137:failure,notice;378:failure,notice;410:failure,notice;483:failure,notice;526:failure,notice;541:failure,notice;562:failure,notice;602:failure,notice;647:failure,notice;673:failure,notice;719:failure,notice;771:failure,notice;808:failure,notice;845:failure,notice;878:failure,notice;986:recovery;1052:failure;1059:notice;1061:failure;1256:failure;1484:failure;1573:failure;1654:failure;1836:failure;1936:failure;2073:failure",keyword-scan; runtime status only in audit report
apps/web/crm/src/components/pages/cost-plan/CostPlanPreviewWorkspaceMdiPage.tsx,crm,0,,,keyword-scan; runtime status only in audit report
apps/web/crm/src/components/pages/cost-plan/amsSourceGrid.ts,crm,0,,,keyword-scan; runtime status only in audit report
apps/web/crm/src/components/pages/cost-plan/costPlanPreviewFallback.ts,crm,0,,,keyword-scan; runtime status only in audit report
apps/web/crm/src/components/pages/cost-plan/costPlanPreviewQuery.ts,crm,0,,,keyword-scan; runtime status only in audit report
apps/web/crm/src/components/pages/cost-plan/internalCostSourceGrid.ts,crm,0,,,keyword-scan; runtime status only in audit report
apps/web/crm/src/components/pages/customers/CustomerWorkspace.tsx,crm,0,,,keyword-scan; runtime status only in audit report
apps/web/crm/src/components/pages/customers/CustomerWorkspaceClient.tsx,crm,21,"failure,notice,recovery","61:failure;245:notice;248:failure,notice;313:failure,notice;356:failure,notice;395:failure,notice;425:notice;433:notice;471:failure,notice;487:notice;522:failure,notice;545:recovery;580:failure;587:failure;599:failure;799:notice;812:notice;885:notice;958:notice;968:notice;1048:notice",keyword-scan; runtime status only in audit report
apps/web/crm/src/components/pages/customers/CustomerWorkspaceMdiPage.tsx,crm,0,,,keyword-scan; runtime status only in audit report
apps/web/crm/src/components/pages/customers/customerWorkspaceFallback.ts,crm,0,,,keyword-scan; runtime status only in audit report
apps/web/crm/src/components/pages/operations/LaunchOperationsSurface.tsx,crm,13,"failure,notice,recovery,state","44:failure;89:failure;150:failure,notice;178:notice;183:failure,notice;194:notice;197:recovery;201:state,failure;205:notice;219:notice;223:recovery;280:notice;305:notice",keyword-scan; runtime status only in audit report
apps/web/crm/src/components/pages/operations/OperationsPreviewWorkspace.tsx,crm,0,,,keyword-scan; runtime status only in audit report
apps/web/crm/src/components/pages/operations/OperationsPreviewWorkspaceClient.tsx,crm,6,"failure,notice,recovery","27:failure;56:notice;59:failure,notice;118:failure,notice;143:recovery;186:failure",keyword-scan; runtime status only in audit report
apps/web/crm/src/components/pages/operations/OperationsPreviewWorkspaceMdiPage.tsx,crm,0,,,keyword-scan; runtime status only in audit report
apps/web/crm/src/components/pages/operations/operationsPreviewFallback.ts,crm,0,,,keyword-scan; runtime status only in audit report
apps/web/crm/src/components/pages/operations/operationsPreviewQuery.ts,crm,0,,,keyword-scan; runtime status only in audit report
apps/web/crm/src/components/pages/opportunities/OpportunityContractDocumentCard.tsx,crm,9,"failure,notice",23:failure;30:failure;31:notice;94:failure;131:failure;162:failure;176:failure;335:failure;425:failure,keyword-scan; runtime status only in audit report
apps/web/crm/src/components/pages/opportunities/OpportunityWorkspace.tsx,crm,1,notice,44:notice,keyword-scan; runtime status only in audit report
apps/web/crm/src/components/pages/opportunities/OpportunityWorkspaceClient.tsx,crm,60,"failure,notice","155:notice;330:failure;439:failure;748:notice;751:failure,notice;893:failure,notice;925:failure,notice;968:failure,notice;969:notice;976:failure,notice;1018:failure,notice;1091:failure,notice;1132:failure,notice;1170:failure,notice;1208:failure,notice;1248:failure,notice;1261:notice;1277:notice;1308:notice;1436:failure,notice;1475:failure,notice;1499:failure,notice;1527:failure,notice;1561:failure,notice;1588:failure,notice;1627:failure,notice;1663:failure,notice;1682:failure;1701:failure;1702:failure;1703:failure;1745:failure;1746:failure;1747:failure;1748:failure;1815:failure;1838:failure;1841:failure;1844:failure;1847:failure;1850:failure;1853:failure;1856:failure;1862:failure;2256:notice;2263:notice;2270:notice;2329:notice;2345:notice;2445:failure,notice;2700:notice;2857:notice;2858:notice;2859:notice;2860:notice;3452:failure;3493:failure;3621:failure;3668:failure;3714:failure",keyword-scan; runtime status only in audit report
apps/web/crm/src/components/pages/opportunities/OpportunityWorkspaceMdiPage.tsx,crm,1,notice,36:notice,keyword-scan; runtime status only in audit report
apps/web/crm/src/components/pages/opportunities/dashboardFallback.ts,crm,1,notice,66:notice,keyword-scan; runtime status only in audit report
apps/web/crm/src/components/pages/quote-settings/QuoteSellerProfileWorkspace.tsx,crm,0,,,keyword-scan; runtime status only in audit report
apps/web/crm/src/components/pages/quote-settings/QuoteSellerProfileWorkspaceClient.tsx,crm,11,"failure,notice,recovery","23:failure;58:failure;61:notice;147:failure;171:notice;200:failure,notice;217:notice;238:failure,notice;285:recovery;303:notice;305:failure",keyword-scan; runtime status only in audit report
apps/web/crm/src/components/pages/quote-settings/QuoteSellerProfileWorkspaceMdiPage.tsx,crm,0,,,keyword-scan; runtime status only in audit report
apps/web/crm/src/components/pages/quote-settings/quoteSellerProfileFallback.ts,crm,0,,,keyword-scan; runtime status only in audit report
apps/web/crm/src/components/pages/reports/ReportsPreviewWorkspace.tsx,crm,0,,,keyword-scan; runtime status only in audit report
apps/web/crm/src/components/pages/reports/ReportsPreviewWorkspaceClient.tsx,crm,13,"failure,notice,recovery","29:failure;91:notice;94:failure,notice;167:failure,notice;200:failure,notice;226:failure,notice;254:recovery;256:notice;260:notice;326:failure;333:notice;335:failure;341:failure",keyword-scan; runtime status only in audit report
apps/web/crm/src/components/pages/reports/ReportsPreviewWorkspaceMdiPage.tsx,crm,0,,,keyword-scan; runtime status only in audit report
apps/web/crm/src/components/pages/reports/reportsPreviewFallback.ts,crm,0,,,keyword-scan; runtime status only in audit report
apps/web/crm/src/components/pages/reports/reportsPreviewQuery.ts,crm,0,,,keyword-scan; runtime status only in audit report
apps/web/crm/src/components/pages/search/GlobalSearchPage.tsx,crm,0,,,keyword-scan; runtime status only in audit report
apps/web/crm/src/components/pages/settings/CrmSettingsWorkspaceClient.tsx,crm,8,"failure,notice,recovery,state","44:failure;54:failure;117:failure,notice;147:notice;154:failure,notice;187:recovery;195:failure;196:state",keyword-scan; runtime status only in audit report
apps/web/crm/src/components/pages/settings/CrmSettingsWorkspaceMdiPage.tsx,crm,0,,,keyword-scan; runtime status only in audit report
apps/web/crm/src/lib/api/auth.ts,crm,0,,,keyword-scan; runtime status only in audit report
apps/web/crm/src/lib/constants/routes.ts,crm,0,,,keyword-scan; runtime status only in audit report
apps/web/crm/src/lib/crmCommonCodeOptions.ts,crm,1,failure,60:failure,keyword-scan; runtime status only in audit report
apps/web/crm/src/lib/crmWorkspaceRoutes.ts,crm,0,,,keyword-scan; runtime status only in audit report
apps/web/crm/src/lib/useCrmDomainAccess.ts,crm,2,"failure,notice","29:notice;35:failure,notice",keyword-scan; runtime status only in audit report
apps/web/crm/src/lib/user-scope.ts,crm,0,,,keyword-scan; runtime status only in audit report
apps/web/crm/src/lib/utils.ts,crm,0,,,keyword-scan; runtime status only in audit report
apps/web/crm/src/middleware.ts,crm,3,route,4:route;9:route;11:route,keyword-scan; runtime status only in audit report
apps/web/crm/src/stores/auth.store.ts,crm,0,,,keyword-scan; runtime status only in audit report
apps/web/crm/src/stores/tab.store.ts,crm,0,,,keyword-scan; runtime status only in audit report
apps/web/crm/tailwind.config.ts,crm,0,,,keyword-scan; runtime status only in audit report
apps/web/dms/eslint.config.mjs,dms,0,,,keyword-scan; runtime status only in audit report
apps/web/dms/next.config.js,dms,0,,,keyword-scan; runtime status only in audit report
apps/web/dms/postcss.config.js,dms,0,,,keyword-scan; runtime status only in audit report
apps/web/dms/scripts/validate-document-hydration-contract.mjs,dms,1,notice,60:notice,keyword-scan; runtime status only in audit report
apps/web/dms/scripts/validate-golden-example.mjs,dms,0,,,keyword-scan; runtime status only in audit report
apps/web/dms/scripts/validate-shell-body-contract.mjs,dms,0,,,keyword-scan; runtime status only in audit report
apps/web/dms/scripts/validate-user-scope-contract.mjs,dms,0,,,keyword-scan; runtime status only in audit report
apps/web/dms/src/app/(auth)/layout.tsx,dms,0,,,keyword-scan; runtime status only in audit report
apps/web/dms/src/app/(auth)/login/page.tsx,dms,0,,,keyword-scan; runtime status only in audit report
apps/web/dms/src/app/(auth)/password-reset/page.tsx,dms,0,,,keyword-scan; runtime status only in audit report
apps/web/dms/src/app/(main)/layout.tsx,dms,2,"failure,notice",181:notice;259:failure,keyword-scan; runtime status only in audit report
apps/web/dms/src/app/(main)/page.tsx,dms,0,,,keyword-scan; runtime status only in audit report
apps/web/dms/src/app/(main)/settings/[[...path]]/page.tsx,dms,0,,,keyword-scan; runtime status only in audit report
apps/web/dms/src/app/(main)/settings/operations/git/page.tsx,dms,0,,,keyword-scan; runtime status only in audit report
apps/web/dms/src/app/(main)/ssoo/search/page.tsx,dms,0,,,keyword-scan; runtime status only in audit report
apps/web/dms/src/app/api/_shared/serverApiProxy.ts,dms,0,,,keyword-scan; runtime status only in audit report
apps/web/dms/src/app/api/access/_shared/proxy.ts,dms,2,failure,10:failure;25:failure,keyword-scan; runtime status only in audit report
apps/web/dms/src/app/api/access/documents/[documentId]/grants/[grantId]/route.ts,dms,2,notice,15:notice;35:notice,keyword-scan; runtime status only in audit report
apps/web/dms/src/app/api/access/documents/[documentId]/owner/route.ts,dms,1,notice,15:notice,keyword-scan; runtime status only in audit report
apps/web/dms/src/app/api/access/documents/[documentId]/visibility/route.ts,dms,1,notice,15:notice,keyword-scan; runtime status only in audit report
apps/web/dms/src/app/api/access/documents/manageable/route.ts,dms,1,notice,9:notice,keyword-scan; runtime status only in audit report
apps/web/dms/src/app/api/access/grants/route.ts,dms,1,notice,11:notice,keyword-scan; runtime status only in audit report
apps/web/dms/src/app/api/access/requests/[id]/approve/route.ts,dms,1,notice,15:notice,keyword-scan; runtime status only in audit report
apps/web/dms/src/app/api/access/requests/[id]/cancel/route.ts,dms,1,notice,14:notice,keyword-scan; runtime status only in audit report
apps/web/dms/src/app/api/access/requests/[id]/reject/route.ts,dms,1,notice,15:notice,keyword-scan; runtime status only in audit report
apps/web/dms/src/app/api/access/requests/inbox/route.ts,dms,1,notice,14:notice,keyword-scan; runtime status only in audit report
apps/web/dms/src/app/api/access/requests/me/route.ts,dms,1,notice,14:notice,keyword-scan; runtime status only in audit report
apps/web/dms/src/app/api/access/requests/route.ts,dms,1,notice,11:notice,keyword-scan; runtime status only in audit report
apps/web/dms/src/app/api/access/route.ts,dms,1,notice,9:notice,keyword-scan; runtime status only in audit report
apps/web/dms/src/app/api/ask/route.ts,dms,3,"failure,notice","17:failure;26:notice;29:failure,notice",keyword-scan; runtime status only in audit report
apps/web/dms/src/app/api/auth/[action]/route.ts,dms,0,,,keyword-scan; runtime status only in audit report
apps/web/dms/src/app/api/auth/password-reset/[action]/route.ts,dms,0,,,keyword-scan; runtime status only in audit report
apps/web/dms/src/app/api/chat-sessions/route.ts,dms,3,"failure,notice","12:failure;21:notice;24:failure,notice",keyword-scan; runtime status only in audit report
apps/web/dms/src/app/api/collaboration/force-lock/route.ts,dms,3,"failure,notice","12:failure;18:notice;20:failure,notice",keyword-scan; runtime status only in audit report
apps/web/dms/src/app/api/collaboration/force-unlock/route.ts,dms,3,"failure,notice","12:failure;18:notice;20:failure,notice",keyword-scan; runtime status only in audit report
apps/web/dms/src/app/api/collaboration/lock/renew/route.ts,dms,4,"failure,notice",12:failure;18:notice;20:failure;22:notice,keyword-scan; runtime status only in audit report
apps/web/dms/src/app/api/collaboration/publish-failures/route.ts,dms,3,"failure,notice","6:failure;9:notice;10:failure,notice",keyword-scan; runtime status only in audit report
apps/web/dms/src/app/api/collaboration/refresh/route.ts,dms,3,"failure,notice",6:failure;10:failure;28:notice,keyword-scan; runtime status only in audit report
apps/web/dms/src/app/api/collaboration/retry-publish/route.ts,dms,3,"failure,notice",6:failure;10:failure;22:notice,keyword-scan; runtime status only in audit report
apps/web/dms/src/app/api/collaboration/route.ts,dms,3,"failure,notice","12:failure;18:notice;20:failure,notice",keyword-scan; runtime status only in audit report
apps/web/dms/src/app/api/collaboration/takeover/pending/route.ts,dms,4,"failure,notice",12:failure;18:notice;20:failure;22:notice,keyword-scan; runtime status only in audit report
apps/web/dms/src/app/api/collaboration/takeover/respond/route.ts,dms,4,"failure,notice",12:failure;18:notice;20:failure;22:notice,keyword-scan; runtime status only in audit report
apps/web/dms/src/app/api/collaboration/takeover/route.ts,dms,3,"failure,notice","12:failure;18:notice;20:failure,notice",keyword-scan; runtime status only in audit report
apps/web/dms/src/app/api/comments/[commentId]/restore/route.ts,dms,0,,,keyword-scan; runtime status only in audit report
apps/web/dms/src/app/api/comments/[commentId]/route.ts,dms,0,,,keyword-scan; runtime status only in audit report
apps/web/dms/src/app/api/comments/_shared/proxy.ts,dms,2,failure,10:failure;25:failure,keyword-scan; runtime status only in audit report
apps/web/dms/src/app/api/comments/route.ts,dms,0,,,keyword-scan; runtime status only in audit report
apps/web/dms/src/app/api/content/route.ts,dms,4,"failure,notice",12:failure;22:notice;26:failure;28:notice,keyword-scan; runtime status only in audit report
apps/web/dms/src/app/api/create/route.ts,dms,0,,,keyword-scan; runtime status only in audit report
apps/web/dms/src/app/api/doc-assist/route.ts,dms,3,"failure,notice","12:failure;21:notice;24:failure,notice",keyword-scan; runtime status only in audit report
apps/web/dms/src/app/api/file/extract-text/route.ts,dms,3,"failure,notice","12:failure;18:notice;21:failure,notice",keyword-scan; runtime status only in audit report
apps/web/dms/src/app/api/file/raw/route.ts,dms,0,,,keyword-scan; runtime status only in audit report
apps/web/dms/src/app/api/file/route.ts,dms,4,"failure,notice",12:failure;22:notice;26:failure;28:notice,keyword-scan; runtime status only in audit report
apps/web/dms/src/app/api/file/serve-attachment/route.ts,dms,0,,,keyword-scan; runtime status only in audit report
apps/web/dms/src/app/api/file/upload-attachment/route.ts,dms,3,"failure,notice","12:failure;18:notice;21:failure,notice",keyword-scan; runtime status only in audit report
apps/web/dms/src/app/api/file/upload-image/route.ts,dms,3,"failure,notice","12:failure;18:notice;21:failure,notice",keyword-scan; runtime status only in audit report
apps/web/dms/src/app/api/file/upload-reference/route.ts,dms,3,"failure,notice","12:failure;18:notice;21:failure,notice",keyword-scan; runtime status only in audit report
apps/web/dms/src/app/api/files/route.ts,dms,3,"failure,notice","12:failure;21:notice;24:failure,notice",keyword-scan; runtime status only in audit report
apps/web/dms/src/app/api/git/route.ts,dms,3,"failure,notice","12:failure;21:notice;24:failure,notice",keyword-scan; runtime status only in audit report
apps/web/dms/src/app/api/home/_shared/proxy.ts,dms,2,failure,10:failure;31:failure,keyword-scan; runtime status only in audit report
apps/web/dms/src/app/api/home/route.ts,dms,0,,,keyword-scan; runtime status only in audit report
apps/web/dms/src/app/api/home/seen/route.ts,dms,0,,,keyword-scan; runtime status only in audit report
apps/web/dms/src/app/api/home/visits/route.ts,dms,0,,,keyword-scan; runtime status only in audit report
apps/web/dms/src/app/api/ingest/_shared/proxy.ts,dms,3,"failure,notice",10:failure;18:notice;27:failure,keyword-scan; runtime status only in audit report
apps/web/dms/src/app/api/ingest/jobs/[id]/cancel/route.ts,dms,1,notice,13:notice,keyword-scan; runtime status only in audit report
apps/web/dms/src/app/api/ingest/jobs/[id]/confirm/route.ts,dms,3,"failure,notice","16:failure;22:notice;25:failure,notice",keyword-scan; runtime status only in audit report
apps/web/dms/src/app/api/ingest/jobs/[id]/retry/route.ts,dms,1,notice,13:notice,keyword-scan; runtime status only in audit report
apps/web/dms/src/app/api/ingest/jobs/cleanup/route.ts,dms,1,notice,11:notice,keyword-scan; runtime status only in audit report
apps/web/dms/src/app/api/ingest/jobs/metrics/route.ts,dms,1,notice,6:notice,keyword-scan; runtime status only in audit report
apps/web/dms/src/app/api/ingest/jobs/route.ts,dms,3,"failure,notice","12:failure;18:notice;21:failure,notice",keyword-scan; runtime status only in audit report
apps/web/dms/src/app/api/ingest/submit/route.ts,dms,3,"failure,notice","12:failure;18:notice;21:failure,notice",keyword-scan; runtime status only in audit report
apps/web/dms/src/app/api/notifications/[id]/read/route.ts,dms,1,notice,15:notice,keyword-scan; runtime status only in audit report
apps/web/dms/src/app/api/notifications/[id]/unread/route.ts,dms,1,notice,15:notice,keyword-scan; runtime status only in audit report
apps/web/dms/src/app/api/notifications/_shared/proxy.ts,dms,0,,,keyword-scan; runtime status only in audit report
apps/web/dms/src/app/api/notifications/events/route.ts,dms,0,,,keyword-scan; runtime status only in audit report
apps/web/dms/src/app/api/notifications/read-all/route.ts,dms,1,notice,12:notice,keyword-scan; runtime status only in audit report
apps/web/dms/src/app/api/notifications/read-by-reference/route.ts,dms,1,notice,11:notice,keyword-scan; runtime status only in audit report
apps/web/dms/src/app/api/notifications/route.ts,dms,1,notice,12:notice,keyword-scan; runtime status only in audit report
apps/web/dms/src/app/api/notifications/unread-count/route.ts,dms,1,notice,12:notice,keyword-scan; runtime status only in audit report
apps/web/dms/src/app/api/search/insights/route.ts,dms,3,"failure,notice","13:failure;22:notice;25:failure,notice",keyword-scan; runtime status only in audit report
apps/web/dms/src/app/api/search/route.ts,dms,3,"failure,notice","17:failure;26:notice;29:failure,notice",keyword-scan; runtime status only in audit report
apps/web/dms/src/app/api/settings/route.ts,dms,3,"failure,notice","12:failure;21:notice;24:failure,notice",keyword-scan; runtime status only in audit report
apps/web/dms/src/app/api/storage/open/route.ts,dms,3,"failure,notice","16:failure;22:notice;25:failure,notice",keyword-scan; runtime status only in audit report
apps/web/dms/src/app/api/storage/resync/route.ts,dms,3,"failure,notice","12:failure;18:notice;21:failure,notice",keyword-scan; runtime status only in audit report
apps/web/dms/src/app/api/storage/upload/route.ts,dms,3,"failure,notice","12:failure;18:notice;21:failure,notice",keyword-scan; runtime status only in audit report
apps/web/dms/src/app/api/templates/[id]/docx/route.ts,dms,3,"failure,notice","12:failure;21:notice;24:failure,notice",keyword-scan; runtime status only in audit report
apps/web/dms/src/app/api/templates/[id]/review-confirmation/route.ts,dms,3,"failure,notice","12:failure;21:notice;24:failure,notice",keyword-scan; runtime status only in audit report
apps/web/dms/src/app/api/templates/[id]/route.ts,dms,3,"failure,notice","12:failure;21:notice;24:failure,notice",keyword-scan; runtime status only in audit report
apps/web/dms/src/app/api/templates/convert/route.ts,dms,0,,,keyword-scan; runtime status only in audit report
apps/web/dms/src/app/api/templates/route.ts,dms,3,"failure,notice","12:failure;21:notice;24:failure,notice",keyword-scan; runtime status only in audit report
apps/web/dms/src/app/layout.tsx,dms,0,,,keyword-scan; runtime status only in audit report
apps/web/dms/src/app/not-found.tsx,dms,1,notice,26:notice,keyword-scan; runtime status only in audit report
apps/web/dms/src/app/providers.tsx,dms,0,,,keyword-scan; runtime status only in audit report
apps/web/dms/src/app/ssot-icon.svg/route.ts,dms,0,,,keyword-scan; runtime status only in audit report
apps/web/dms/src/components/common/ConfirmDialog.tsx,dms,0,,,keyword-scan; runtime status only in audit report
apps/web/dms/src/components/common/DiffTextInput.tsx,dms,0,,,keyword-scan; runtime status only in audit report
apps/web/dms/src/components/common/ImageLightbox.tsx,dms,0,,,keyword-scan; runtime status only in audit report
apps/web/dms/src/components/common/ImagePreviewDialog.tsx,dms,0,,,keyword-scan; runtime status only in audit report
apps/web/dms/src/components/common/MermaidBlock.tsx,dms,2,"failure,notice","36:failure,notice;49:notice",keyword-scan; runtime status only in audit report
apps/web/dms/src/components/common/ScrollToLatestButton.tsx,dms,0,,,keyword-scan; runtime status only in audit report
apps/web/dms/src/components/common/StateDisplay.tsx,dms,17,"failure,notice,recovery,state",83:state;85:state;87:failure;91:recovery;97:state;99:state;101:notice;102:recovery;104:state;115:recovery;116:recovery;118:recovery;126:state;128:state;145:state;148:state;154:state,keyword-scan; runtime status only in audit report
apps/web/dms/src/components/common/UserAvatar.tsx,dms,0,,,keyword-scan; runtime status only in audit report
apps/web/dms/src/components/common/assistant/Composer.tsx,dms,3,recovery,53:recovery;93:recovery;196:recovery,keyword-scan; runtime status only in audit report
apps/web/dms/src/components/common/assistant/FloatingAssistant.tsx,dms,0,,,keyword-scan; runtime status only in audit report
apps/web/dms/src/components/common/assistant/FloatingAssistantButton.tsx,dms,0,,,keyword-scan; runtime status only in audit report
apps/web/dms/src/components/common/assistant/MessageList.tsx,dms,1,"failure,notice","68:failure,notice",keyword-scan; runtime status only in audit report
apps/web/dms/src/components/common/assistant/_components/ResultCard.tsx,dms,0,,,keyword-scan; runtime status only in audit report
apps/web/dms/src/components/common/assistant/chat/assistantChatUtils.ts,dms,0,,,keyword-scan; runtime status only in audit report
apps/web/dms/src/components/common/assistant/chat/useAssistantChat.ts,dms,0,,,keyword-scan; runtime status only in audit report
apps/web/dms/src/components/common/assistant/chat/useAssistantMessageActions.ts,dms,1,notice,30:notice,keyword-scan; runtime status only in audit report
apps/web/dms/src/components/common/assistant/chat/useAssistantNavigationActions.ts,dms,1,failure,30:failure,keyword-scan; runtime status only in audit report
apps/web/dms/src/components/common/assistant/index.ts,dms,0,,,keyword-scan; runtime status only in audit report
apps/web/dms/src/components/common/assistant/panel/FloatingAssistantPanel.tsx,dms,0,,,keyword-scan; runtime status only in audit report
apps/web/dms/src/components/common/assistant/panel/FloatingAssistantPanelSections.tsx,dms,0,,,keyword-scan; runtime status only in audit report
apps/web/dms/src/components/common/assistant/panel/useFloatingAssistantPanelBehavior.ts,dms,0,,,keyword-scan; runtime status only in audit report
apps/web/dms/src/components/common/assistant/reference/Chips.tsx,dms,4,recovery,47:recovery;70:recovery;273:recovery;277:recovery,keyword-scan; runtime status only in audit report
apps/web/dms/src/components/common/assistant/reference/Picker.tsx,dms,0,,,keyword-scan; runtime status only in audit report
apps/web/dms/src/components/common/assistant/reference/PickerSections.tsx,dms,0,,,keyword-scan; runtime status only in audit report
apps/web/dms/src/components/common/assistant/reference/pickerUtils.ts,dms,0,,,keyword-scan; runtime status only in audit report
apps/web/dms/src/components/common/assistant/reference/summaryFileExtraction.ts,dms,0,,,keyword-scan; runtime status only in audit report
apps/web/dms/src/components/common/assistant/session/AssistantSessionSync.tsx,dms,0,,,keyword-scan; runtime status only in audit report
apps/web/dms/src/components/common/assistant/session/HistoryList.tsx,dms,0,,,keyword-scan; runtime status only in audit report
apps/web/dms/src/components/common/assistant/session/assistantSessionUtils.ts,dms,0,,,keyword-scan; runtime status only in audit report
apps/web/dms/src/components/common/diff/SplitDiffViewer.tsx,dms,0,,,keyword-scan; runtime status only in audit report
apps/web/dms/src/components/common/editor-dialog/EditorDialog.tsx,dms,0,,,keyword-scan; runtime status only in audit report
apps/web/dms/src/components/common/editor-dialog/index.ts,dms,0,,,keyword-scan; runtime status only in audit report
apps/web/dms/src/components/common/index.ts,dms,2,state,9:state;10:state,keyword-scan; runtime status only in audit report
apps/web/dms/src/components/common/json/FieldRow.tsx,dms,0,,,keyword-scan; runtime status only in audit report
apps/web/dms/src/components/common/json/Renderer.tsx,dms,0,,,keyword-scan; runtime status only in audit report
apps/web/dms/src/components/common/json/index.ts,dms,0,,,keyword-scan; runtime status only in audit report
apps/web/dms/src/components/common/json/types.ts,dms,0,,,keyword-scan; runtime status only in audit report
apps/web/dms/src/components/common/picker-tree/PickerTree.tsx,dms,0,,,keyword-scan; runtime status only in audit report
apps/web/dms/src/components/common/picker-tree/index.ts,dms,0,,,keyword-scan; runtime status only in audit report
apps/web/dms/src/components/common/save-location/SaveLocationDialog.tsx,dms,0,,,keyword-scan; runtime status only in audit report
apps/web/dms/src/components/common/save-location/index.ts,dms,0,,,keyword-scan; runtime status only in audit report
apps/web/dms/src/components/common/viewer/Content.tsx,dms,0,,,keyword-scan; runtime status only in audit report
apps/web/dms/src/components/common/viewer/DocumentDiagram.tsx,dms,6,"failure,recovery",11:failure;30:failure;39:failure;40:failure;54:failure;55:recovery,keyword-scan; runtime status only in audit report
apps/web/dms/src/components/common/viewer/LineNumbers.tsx,dms,0,,,keyword-scan; runtime status only in audit report
apps/web/dms/src/components/common/viewer/Viewer.tsx,dms,0,,,keyword-scan; runtime status only in audit report
apps/web/dms/src/components/common/viewer/index.ts,dms,0,,,keyword-scan; runtime status only in audit report
apps/web/dms/src/components/common/viewer/runtime/useDocumentDiagrams.tsx,dms,0,,,keyword-scan; runtime status only in audit report
apps/web/dms/src/components/common/viewer/runtime/useViewerSearch.ts,dms,0,,,keyword-scan; runtime status only in audit report
apps/web/dms/src/components/common/viewer/runtime/viewerUtils.ts,dms,1,notice,176:notice,keyword-scan; runtime status only in audit report
apps/web/dms/src/components/index.ts,dms,0,,,keyword-scan; runtime status only in audit report
apps/web/dms/src/components/layout/AppLayout.tsx,dms,0,,,keyword-scan; runtime status only in audit report
apps/web/dms/src/components/layout/ContentArea.tsx,dms,7,"boundary,failure,recovery,route,state",16:state;48:failure;49:boundary;51:failure;55:recovery;281:state;291:route,keyword-scan; runtime status only in audit report
apps/web/dms/src/components/layout/Header.tsx,dms,0,,,keyword-scan; runtime status only in audit report
apps/web/dms/src/components/layout/HeaderNotifications.tsx,dms,3,failure,73:failure;77:failure;231:failure,keyword-scan; runtime status only in audit report
apps/web/dms/src/components/layout/TabBar.tsx,dms,0,,,keyword-scan; runtime status only in audit report
apps/web/dms/src/components/layout/UserMenu.tsx,dms,0,,,keyword-scan; runtime status only in audit report
apps/web/dms/src/components/layout/index.ts,dms,0,,,keyword-scan; runtime status only in audit report
apps/web/dms/src/components/layout/sidebar/Bookmarks.tsx,dms,4,state,12:state;71:state;73:state;125:state,keyword-scan; runtime status only in audit report
apps/web/dms/src/components/layout/sidebar/Changes.tsx,dms,7,"failure,notice","21:notice;26:notice;27:notice;58:failure,notice;65:notice;72:failure;73:failure",keyword-scan; runtime status only in audit report
apps/web/dms/src/components/layout/sidebar/FileTree.tsx,dms,5,state,12:state;159:state;182:state;184:state;229:state,keyword-scan; runtime status only in audit report
apps/web/dms/src/components/layout/sidebar/OpenTabs.tsx,dms,4,state,6:state;26:state;28:state;51:state,keyword-scan; runtime status only in audit report
apps/web/dms/src/components/layout/sidebar/Sidebar.tsx,dms,3,recovery,72:recovery;166:recovery;457:recovery,keyword-scan; runtime status only in audit report
apps/web/dms/src/components/layout/sidebar/index.ts,dms,0,,,keyword-scan; runtime status only in audit report
apps/web/dms/src/components/layout/tab-instance/TabInstanceContext.ts,dms,0,,,keyword-scan; runtime status only in audit report
apps/web/dms/src/components/pages/access-requests/MyRequestsPage.tsx,dms,3,"failure,state","13:state;151:failure;152:state,failure",keyword-scan; runtime status only in audit report
apps/web/dms/src/components/pages/ai/ChatPage.tsx,dms,2,"notice,state","4:state;52:state,notice",keyword-scan; runtime status only in audit report
apps/web/dms/src/components/pages/ai/_components/AiChatPanels.tsx,dms,0,,,keyword-scan; runtime status only in audit report
apps/web/dms/src/components/pages/ai/chatPageUtils.ts,dms,0,,,keyword-scan; runtime status only in audit report
apps/web/dms/src/components/pages/ai/index.ts,dms,0,,,keyword-scan; runtime status only in audit report
apps/web/dms/src/components/pages/global-search/GlobalSearchPage.tsx,dms,3,"failure,notice","163:failure,notice;180:failure;263:notice",keyword-scan; runtime status only in audit report
apps/web/dms/src/components/pages/home/DashboardPage.tsx,dms,8,"failure,recovery,state",161:failure;162:state;173:recovery;174:recovery;209:recovery;223:recovery;230:recovery;236:recovery,keyword-scan; runtime status only in audit report
apps/web/dms/src/components/pages/home/_components/AttentionSection.tsx,dms,4,recovery,11:recovery;14:recovery;35:recovery;36:recovery,keyword-scan; runtime status only in audit report
apps/web/dms/src/components/pages/home/_components/DocumentSection.tsx,dms,4,recovery,17:recovery;28:recovery;53:recovery;54:recovery,keyword-scan; runtime status only in audit report
apps/web/dms/src/components/pages/home/_components/OperationsSection.tsx,dms,4,recovery,10:recovery;13:recovery;36:recovery;37:recovery,keyword-scan; runtime status only in audit report
apps/web/dms/src/components/pages/home/_components/QuickAccessSection.tsx,dms,0,,,keyword-scan; runtime status only in audit report
apps/web/dms/src/components/pages/home/_components/homeFormatters.ts,dms,0,,,keyword-scan; runtime status only in audit report
apps/web/dms/src/components/pages/home/index.ts,dms,0,,,keyword-scan; runtime status only in audit report
apps/web/dms/src/components/pages/index.ts,dms,0,,,keyword-scan; runtime status only in audit report
apps/web/dms/src/components/pages/markdown/DocumentPage.tsx,dms,38,"failure,notice,recovery,state","47:state;265:notice;557:failure;621:failure;626:notice;628:failure;631:failure,notice;634:failure;852:failure,notice;858:failure;899:notice;961:notice;1038:failure,notice;1060:notice;1070:failure,notice;1287:notice;1288:failure;1376:notice;1379:notice;1803:failure;1829:failure,notice;1871:failure,notice;1965:failure,notice;1991:failure;2026:failure;2074:failure;2226:failure;2275:notice;2277:notice;2279:notice;2290:state;2305:state;2320:state;2371:recovery;2373:failure,notice,recovery;2376:recovery;2381:failure,notice;2532:recovery",keyword-scan; runtime status only in audit report
apps/web/dms/src/components/pages/markdown/_components/DocumentExportMenu.tsx,dms,0,,,keyword-scan; runtime status only in audit report
apps/web/dms/src/components/pages/markdown/_components/DocumentPagePanels.tsx,dms,5,"recovery,state","6:state;41:recovery;76:recovery;269:recovery;363:state,recovery",keyword-scan; runtime status only in audit report
apps/web/dms/src/components/pages/markdown/_components/DocumentPanel.tsx,dms,11,"failure,notice,recovery","158:recovery;161:recovery;172:notice;279:recovery;385:failure;420:failure;448:failure;461:failure;571:failure,notice,recovery;580:recovery;613:recovery",keyword-scan; runtime status only in audit report
apps/web/dms/src/components/pages/markdown/_components/EditorModeControls.tsx,dms,0,,,keyword-scan; runtime status only in audit report
apps/web/dms/src/components/pages/markdown/_components/NewDocumentLauncher.tsx,dms,1,failure,75:failure,keyword-scan; runtime status only in audit report
apps/web/dms/src/components/pages/markdown/_components/document-panel/ActivitySections.tsx,dms,1,recovery,172:recovery,keyword-scan; runtime status only in audit report
apps/web/dms/src/components/pages/markdown/_components/document-panel/CommentInput.tsx,dms,0,,,keyword-scan; runtime status only in audit report
apps/web/dms/src/components/pages/markdown/_components/document-panel/CommentsSection.tsx,dms,0,,,keyword-scan; runtime status only in audit report
apps/web/dms/src/components/pages/markdown/_components/document-panel/ContentInfoSections.tsx,dms,1,"failure,notice","146:failure,notice",keyword-scan; runtime status only in audit report
apps/web/dms/src/components/pages/markdown/_components/document-panel/DocumentInfoSection.tsx,dms,5,failure,182:failure;183:failure;184:failure;192:failure;193:failure,keyword-scan; runtime status only in audit report
apps/web/dms/src/components/pages/markdown/_components/document-panel/DocumentPermissionsSection.tsx,dms,12,"failure,notice","332:failure,notice;344:failure,notice;361:failure,notice;370:failure,notice;407:failure,notice;432:failure;433:failure;562:notice;574:failure;578:failure;579:failure;580:failure",keyword-scan; runtime status only in audit report
apps/web/dms/src/components/pages/markdown/_components/document-panel/DocumentStatusSummary.tsx,dms,9,"notice,recovery","41:recovery;58:recovery;157:notice;310:recovery;320:recovery;359:recovery;364:recovery;368:notice,recovery;369:recovery",keyword-scan; runtime status only in audit report
apps/web/dms/src/components/pages/markdown/_components/document-panel/TemplatePickerDialog.tsx,dms,0,,,keyword-scan; runtime status only in audit report
apps/web/dms/src/components/pages/markdown/_components/document-panel/TemplatePreviewDialog.tsx,dms,0,,,keyword-scan; runtime status only in audit report
apps/web/dms/src/components/pages/markdown/_components/document-panel/index.ts,dms,0,,,keyword-scan; runtime status only in audit report
apps/web/dms/src/components/pages/markdown/_components/editor/Content.tsx,dms,0,,,keyword-scan; runtime status only in audit report
apps/web/dms/src/components/pages/markdown/_components/editor/Editor.tsx,dms,2,"notice,recovery",50:recovery;249:notice,keyword-scan; runtime status only in audit report
apps/web/dms/src/components/pages/markdown/_components/editor/ImageInsertDialog.tsx,dms,1,failure,175:failure,keyword-scan; runtime status only in audit report
apps/web/dms/src/components/pages/markdown/_components/editor/InputDialog.tsx,dms,0,,,keyword-scan; runtime status only in audit report
apps/web/dms/src/components/pages/markdown/_components/editor/LinkInsertDialog.tsx,dms,0,,,keyword-scan; runtime status only in audit report
apps/web/dms/src/components/pages/markdown/_components/editor/Toolbar.tsx,dms,0,,,keyword-scan; runtime status only in audit report
apps/web/dms/src/components/pages/markdown/_components/editor/block-editor/BlockEditor.tsx,dms,0,,,keyword-scan; runtime status only in audit report
apps/web/dms/src/components/pages/markdown/_components/editor/block-editor/BlockEditorPanels.tsx,dms,0,,,keyword-scan; runtime status only in audit report
apps/web/dms/src/components/pages/markdown/_components/editor/block-editor/blockEditorCommands.ts,dms,0,,,keyword-scan; runtime status only in audit report
apps/web/dms/src/components/pages/markdown/_components/editor/block-editor/blockEditorExtensions.ts,dms,0,,,keyword-scan; runtime status only in audit report
apps/web/dms/src/components/pages/markdown/_components/editor/block-editor/useBlockEditorSlashState.ts,dms,0,,,keyword-scan; runtime status only in audit report
apps/web/dms/src/components/pages/markdown/_components/editor/block-editor/useBlockEditorView.ts,dms,0,,,keyword-scan; runtime status only in audit report
apps/web/dms/src/components/pages/markdown/_components/editor/index.ts,dms,0,,,keyword-scan; runtime status only in audit report
apps/web/dms/src/components/pages/markdown/_components/editor/useEditorCreatePathDialog.tsx,dms,0,,,keyword-scan; runtime status only in audit report
apps/web/dms/src/components/pages/markdown/_components/editor/useEditorInteractions.ts,dms,0,,,keyword-scan; runtime status only in audit report
apps/web/dms/src/components/pages/markdown/_components/editor/useEditorPersistence.ts,dms,10,"failure,notice",98:failure;123:notice;134:failure;136:notice;137:notice;192:notice;193:notice;201:notice;242:notice;243:notice,keyword-scan; runtime status only in audit report
apps/web/dms/src/components/pages/markdown/_components/editor/useEditorRuntimeEffects.ts,dms,0,,,keyword-scan; runtime status only in audit report
apps/web/dms/src/components/pages/markdown/_components/editor/useEditorState.ts,dms,1,notice,327:notice,keyword-scan; runtime status only in audit report
apps/web/dms/src/components/pages/markdown/composeContextUtils.ts,dms,1,notice,78:notice,keyword-scan; runtime status only in audit report
apps/web/dms/src/components/pages/markdown/documentEditDraftStorage.ts,dms,0,,,keyword-scan; runtime status only in audit report
apps/web/dms/src/components/pages/markdown/documentPageUtils.ts,dms,4,route,206:route;210:route;217:route;219:route,keyword-scan; runtime status only in audit report
apps/web/dms/src/components/pages/markdown/index.ts,dms,0,,,keyword-scan; runtime status only in audit report
apps/web/dms/src/components/pages/markdown/useDocumentCollaboration.ts,dms,5,"failure,notice","150:failure;172:failure;194:failure,notice;207:failure,notice;280:failure",keyword-scan; runtime status only in audit report
apps/web/dms/src/components/pages/markdown/useDocumentInfoRecommendation.ts,dms,1,"failure,notice","109:failure,notice",keyword-scan; runtime status only in audit report
apps/web/dms/src/components/pages/markdown/useDocumentLauncherActions.ts,dms,0,,,keyword-scan; runtime status only in audit report
apps/web/dms/src/components/pages/markdown/useDocumentPageComposeActions.ts,dms,8,"failure,notice,recovery","237:failure;245:failure;278:notice;308:recovery;310:failure;318:failure;396:failure,notice;398:failure",keyword-scan; runtime status only in audit report
apps/web/dms/src/components/pages/markdown/useDocumentReferenceLifecycle.ts,dms,2,notice,318:notice;321:notice,keyword-scan; runtime status only in audit report
apps/web/dms/src/components/pages/markdown/useSyncReferencesToMetadata.ts,dms,0,,,keyword-scan; runtime status only in audit report
apps/web/dms/src/components/pages/markdown/useTemplateSaveFlow.ts,dms,2,"failure,notice,recovery","191:failure,notice;192:recovery",keyword-scan; runtime status only in audit report
apps/web/dms/src/components/pages/markdown/useViewerTemplatePicker.ts,dms,5,"failure,notice,recovery","65:failure;85:failure,notice;86:recovery;98:failure,notice;99:recovery",keyword-scan; runtime status only in audit report
apps/web/dms/src/components/pages/settings/SettingsPage.tsx,dms,9,"failure,notice,recovery,state","17:state;445:failure;467:recovery;521:state,failure;522:state;539:state;553:state,notice;597:failure;598:recovery",keyword-scan; runtime status only in audit report
apps/web/dms/src/components/pages/settings/_components/ApprovalRoutePolicySection.tsx,dms,2,"failure,notice",176:notice;263:failure,keyword-scan; runtime status only in audit report
apps/web/dms/src/components/pages/settings/_components/ContractExportPolicySection.tsx,dms,2,"failure,notice",167:notice;233:failure,keyword-scan; runtime status only in audit report
apps/web/dms/src/components/pages/settings/_components/DocumentAccessSurface.tsx,dms,22,"failure,notice,recovery,state","12:state;835:failure,notice;847:failure,notice;856:failure,notice;884:failure,notice;907:failure,notice;927:failure,notice;936:failure,notice;941:state,notice;950:failure;951:failure;952:failure;961:state;962:failure;963:recovery;965:recovery;966:recovery;969:recovery;1016:state;1062:state;1065:notice;1104:state",keyword-scan; runtime status only in audit report
apps/web/dms/src/components/pages/settings/_components/GitObservabilitySurface.tsx,dms,0,,,keyword-scan; runtime status only in audit report
apps/web/dms/src/components/pages/settings/_components/IngestOperationsSurface.tsx,dms,17,"failure,notice,recovery","24:notice;33:failure;50:notice;53:notice;63:failure,notice;83:notice;87:failure,notice;95:failure;101:notice;107:failure,notice;119:notice;123:failure,notice;140:recovery;148:failure;153:notice;164:notice;210:failure",keyword-scan; runtime status only in audit report
apps/web/dms/src/components/pages/settings/_components/RuntimePathSurface.tsx,dms,0,,,keyword-scan; runtime status only in audit report
apps/web/dms/src/components/pages/settings/_components/RuntimeReadinessSurface.tsx,dms,1,recovery,96:recovery,keyword-scan; runtime status only in audit report
apps/web/dms/src/components/pages/settings/_components/SettingRow.tsx,dms,0,,,keyword-scan; runtime status only in audit report
apps/web/dms/src/components/pages/settings/_components/SettingsAssistantAction.tsx,dms,0,,,keyword-scan; runtime status only in audit report
apps/web/dms/src/components/pages/settings/_components/SettingsCustomSlot.tsx,dms,0,,,keyword-scan; runtime status only in audit report
apps/web/dms/src/components/pages/settings/_components/SettingsFieldList.tsx,dms,0,,,keyword-scan; runtime status only in audit report
apps/web/dms/src/components/pages/settings/_components/TemplateSection.tsx,dms,3,"failure,state",133:failure;134:state;147:failure,keyword-scan; runtime status only in audit report
apps/web/dms/src/components/pages/settings/_config/settingsPageConfig.ts,dms,0,,,keyword-scan; runtime status only in audit report
apps/web/dms/src/components/pages/settings/_utils/settingsNavigation.ts,dms,0,,,keyword-scan; runtime status only in audit report
apps/web/dms/src/components/pages/settings/_utils/settingsPageUtils.ts,dms,0,,,keyword-scan; runtime status only in audit report
apps/web/dms/src/components/pages/settings/_utils/templatePresentation.ts,dms,0,,,keyword-scan; runtime status only in audit report
apps/web/dms/src/components/pages/settings/index.ts,dms,0,,,keyword-scan; runtime status only in audit report
apps/web/dms/src/components/templates/PageTemplate.tsx,dms,6,"failure,recovery,state","19:state;53:failure;55:recovery;92:recovery;129:state,recovery;143:state",keyword-scan; runtime status only in audit report
apps/web/dms/src/components/templates/index.ts,dms,0,,,keyword-scan; runtime status only in audit report
apps/web/dms/src/components/templates/page-frame/Breadcrumb.tsx,dms,0,,,keyword-scan; runtime status only in audit report
apps/web/dms/src/components/templates/page-frame/Content.tsx,dms,0,,,keyword-scan; runtime status only in audit report
apps/web/dms/src/components/templates/page-frame/Header.tsx,dms,0,,,keyword-scan; runtime status only in audit report
apps/web/dms/src/components/templates/page-frame/SectionedShell.tsx,dms,0,,,keyword-scan; runtime status only in audit report
apps/web/dms/src/components/templates/page-frame/documentDimensions.ts,dms,0,,,keyword-scan; runtime status only in audit report
apps/web/dms/src/components/templates/page-frame/index.ts,dms,0,,,keyword-scan; runtime status only in audit report
apps/web/dms/src/components/templates/page-frame/layoutPresets.ts,dms,0,,,keyword-scan; runtime status only in audit report
apps/web/dms/src/components/templates/page-frame/panel/CollapsibleSection.tsx,dms,0,,,keyword-scan; runtime status only in audit report
apps/web/dms/src/components/templates/page-frame/panel/Frame.tsx,dms,0,,,keyword-scan; runtime status only in audit report
apps/web/dms/src/components/templates/page-frame/panel/index.ts,dms,0,,,keyword-scan; runtime status only in audit report
apps/web/dms/src/components/templates/page-frame/panel/sectionControlSlots.tsx,dms,0,,,keyword-scan; runtime status only in audit report
apps/web/dms/src/components/templates/page-frame/panel/sections/ActivityListSection.tsx,dms,0,,,keyword-scan; runtime status only in audit report
apps/web/dms/src/components/templates/page-frame/panel/sections/ChipListSection.tsx,dms,0,,,keyword-scan; runtime status only in audit report
apps/web/dms/src/components/templates/page-frame/panel/sections/KeyValueSection.tsx,dms,0,,,keyword-scan; runtime status only in audit report
apps/web/dms/src/components/templates/page-frame/panel/sections/TextSection.tsx,dms,0,,,keyword-scan; runtime status only in audit report
apps/web/dms/src/components/templates/page-frame/panel/sections/index.ts,dms,0,,,keyword-scan; runtime status only in audit report
apps/web/dms/src/components/templates/page-frame/toc.ts,dms,0,,,keyword-scan; runtime status only in audit report
apps/web/dms/src/components/ui/alert-dialog.tsx,dms,0,,,keyword-scan; runtime status only in audit report
apps/web/dms/src/components/ui/badge.tsx,dms,0,,,keyword-scan; runtime status only in audit report
apps/web/dms/src/components/ui/button.tsx,dms,0,,,keyword-scan; runtime status only in audit report
apps/web/dms/src/components/ui/card.tsx,dms,0,,,keyword-scan; runtime status only in audit report
apps/web/dms/src/components/ui/dialog.tsx,dms,0,,,keyword-scan; runtime status only in audit report
apps/web/dms/src/components/ui/divider.tsx,dms,0,,,keyword-scan; runtime status only in audit report
apps/web/dms/src/components/ui/dropdown.tsx,dms,0,,,keyword-scan; runtime status only in audit report
apps/web/dms/src/components/ui/input.tsx,dms,0,,,keyword-scan; runtime status only in audit report
apps/web/dms/src/components/ui/popup-backdrop.tsx,dms,0,,,keyword-scan; runtime status only in audit report
apps/web/dms/src/components/ui/scroll-area.tsx,dms,0,,,keyword-scan; runtime status only in audit report
apps/web/dms/src/components/ui/table.tsx,dms,0,,,keyword-scan; runtime status only in audit report
apps/web/dms/src/features/access/RequestDialog.tsx,dms,1,"failure,notice","114:failure,notice",keyword-scan; runtime status only in audit report
apps/web/dms/src/features/access/VisibilitySelector.tsx,dms,0,,,keyword-scan; runtime status only in audit report
apps/web/dms/src/features/access/dialog-store.ts,dms,0,,,keyword-scan; runtime status only in audit report
apps/web/dms/src/features/access/index.ts,dms,0,,,keyword-scan; runtime status only in audit report
apps/web/dms/src/features/access/queries.ts,dms,1,failure,47:failure,keyword-scan; runtime status only in audit report
apps/web/dms/src/features/notifications/events.ts,dms,0,,,keyword-scan; runtime status only in audit report
apps/web/dms/src/features/notifications/index.ts,dms,0,,,keyword-scan; runtime status only in audit report
apps/web/dms/src/features/notifications/queries.ts,dms,1,failure,33:failure,keyword-scan; runtime status only in audit report
apps/web/dms/src/hooks/index.ts,dms,0,,,keyword-scan; runtime status only in audit report
apps/web/dms/src/hooks/queries/useAiSearch.ts,dms,0,,,keyword-scan; runtime status only in audit report
apps/web/dms/src/hooks/queries/useAssistantSessions.ts,dms,0,,,keyword-scan; runtime status only in audit report
apps/web/dms/src/hooks/queries/useFileTree.ts,dms,0,,,keyword-scan; runtime status only in audit report
apps/web/dms/src/hooks/queries/useHomeSummary.ts,dms,1,recovery,35:recovery,keyword-scan; runtime status only in audit report
apps/web/dms/src/hooks/queries/useTemplates.ts,dms,0,,,keyword-scan; runtime status only in audit report
apps/web/dms/src/hooks/useAutoScroll.ts,dms,0,,,keyword-scan; runtime status only in audit report
apps/web/dms/src/hooks/useBodyLinks.ts,dms,0,,,keyword-scan; runtime status only in audit report
apps/web/dms/src/hooks/useContentClickHandler.ts,dms,0,,,keyword-scan; runtime status only in audit report
apps/web/dms/src/hooks/useDmsSocket.ts,dms,2,failure,45:failure;56:failure,keyword-scan; runtime status only in audit report
apps/web/dms/src/hooks/useFloatingButtonDrag.ts,dms,0,,,keyword-scan; runtime status only in audit report
apps/web/dms/src/hooks/useLayoutViewportSync.ts,dms,0,,,keyword-scan; runtime status only in audit report
apps/web/dms/src/hooks/useOpenDocumentTab.ts,dms,0,,,keyword-scan; runtime status only in audit report
apps/web/dms/src/hooks/useOpenTabWithConfirm.ts,dms,0,,,keyword-scan; runtime status only in audit report
apps/web/dms/src/hooks/useRequestLifecycle.ts,dms,0,,,keyword-scan; runtime status only in audit report
apps/web/dms/src/lib/api/access.ts,dms,0,,,keyword-scan; runtime status only in audit report
apps/web/dms/src/lib/api/aiApi.ts,dms,1,failure,88:failure,keyword-scan; runtime status only in audit report
apps/web/dms/src/lib/api/assistantSessionApi.ts,dms,0,,,keyword-scan; runtime status only in audit report
apps/web/dms/src/lib/api/auth.ts,dms,0,,,keyword-scan; runtime status only in audit report
apps/web/dms/src/lib/api/collaborationApi.ts,dms,1,failure,47:failure,keyword-scan; runtime status only in audit report
apps/web/dms/src/lib/api/comments.ts,dms,0,,,keyword-scan; runtime status only in audit report
apps/web/dms/src/lib/api/contentApi.ts,dms,0,,,keyword-scan; runtime status only in audit report
apps/web/dms/src/lib/api/core.ts,dms,2,failure,7:failure;125:failure,keyword-scan; runtime status only in audit report
apps/web/dms/src/lib/api/endpoints/ai.ts,dms,0,,,keyword-scan; runtime status only in audit report
apps/web/dms/src/lib/api/endpoints/assistant-sessions.ts,dms,0,,,keyword-scan; runtime status only in audit report
apps/web/dms/src/lib/api/endpoints/auth.ts,dms,0,,,keyword-scan; runtime status only in audit report
apps/web/dms/src/lib/api/endpoints/files.ts,dms,0,,,keyword-scan; runtime status only in audit report
apps/web/dms/src/lib/api/endpoints/git.ts,dms,0,,,keyword-scan; runtime status only in audit report
apps/web/dms/src/lib/api/endpoints/settings.ts,dms,0,,,keyword-scan; runtime status only in audit report
apps/web/dms/src/lib/api/endpoints/templates.ts,dms,0,,,keyword-scan; runtime status only in audit report
apps/web/dms/src/lib/api/fileApi.ts,dms,0,,,keyword-scan; runtime status only in audit report
apps/web/dms/src/lib/api/gitApi.ts,dms,0,,,keyword-scan; runtime status only in audit report
apps/web/dms/src/lib/api/homeApi.ts,dms,0,,,keyword-scan; runtime status only in audit report
apps/web/dms/src/lib/api/index.ts,dms,0,,,keyword-scan; runtime status only in audit report
apps/web/dms/src/lib/api/notifications.ts,dms,0,,,keyword-scan; runtime status only in audit report
apps/web/dms/src/lib/api/settingsApi.ts,dms,0,,,keyword-scan; runtime status only in audit report
apps/web/dms/src/lib/api/sharedAuth.ts,dms,0,,,keyword-scan; runtime status only in audit report
apps/web/dms/src/lib/api/storageApi.ts,dms,1,failure,42:failure,keyword-scan; runtime status only in audit report
apps/web/dms/src/lib/api/streaming.ts,dms,3,"failure,notice",20:failure;82:notice;99:failure,keyword-scan; runtime status only in audit report
apps/web/dms/src/lib/api/templateApi.ts,dms,4,"failure,notice","41:failure;47:failure,notice;48:notice;55:failure,notice",keyword-scan; runtime status only in audit report
apps/web/dms/src/lib/assistant/assistantHelp.ts,dms,0,,,keyword-scan; runtime status only in audit report
apps/web/dms/src/lib/assistant/assistantIntent.ts,dms,0,,,keyword-scan; runtime status only in audit report
apps/web/dms/src/lib/assistant/assistantSuggestions.ts,dms,0,,,keyword-scan; runtime status only in audit report
apps/web/dms/src/lib/constants/assistant.ts,dms,0,,,keyword-scan; runtime status only in audit report
apps/web/dms/src/lib/constants/common.ts,dms,5,notice,10:notice;11:notice;12:notice;16:notice;17:notice,keyword-scan; runtime status only in audit report
apps/web/dms/src/lib/constants/file.ts,dms,0,,,keyword-scan; runtime status only in audit report
apps/web/dms/src/lib/constants/path.ts,dms,0,,,keyword-scan; runtime status only in audit report
apps/web/dms/src/lib/constants/routes.ts,dms,0,,,keyword-scan; runtime status only in audit report
apps/web/dms/src/lib/notification-events.ts,dms,0,,,keyword-scan; runtime status only in audit report
apps/web/dms/src/lib/protectedAppLifecycleCheck.ts,dms,0,,,keyword-scan; runtime status only in audit report
apps/web/dms/src/lib/summaryFileStatus.ts,dms,1,notice,54:notice,keyword-scan; runtime status only in audit report
apps/web/dms/src/lib/toast.ts,dms,3,failure,9:failure;77:failure;83:failure,keyword-scan; runtime status only in audit report
apps/web/dms/src/lib/user-scope.ts,dms,0,,,keyword-scan; runtime status only in audit report
apps/web/dms/src/lib/utils/diffChunks.ts,dms,0,,,keyword-scan; runtime status only in audit report
apps/web/dms/src/lib/utils/documentDiagram.ts,dms,0,,,keyword-scan; runtime status only in audit report
apps/web/dms/src/lib/utils/downloadUtils.ts,dms,0,,,keyword-scan; runtime status only in audit report
apps/web/dms/src/lib/utils/errorUtils.ts,dms,9,"failure,notice",78:failure;81:notice;120:failure;122:failure;142:notice;145:notice;237:notice;372:notice;380:notice,keyword-scan; runtime status only in audit report
apps/web/dms/src/lib/utils/extractMarkdownLinks.ts,dms,0,,,keyword-scan; runtime status only in audit report
apps/web/dms/src/lib/utils/fileTree.ts,dms,0,,,keyword-scan; runtime status only in audit report
apps/web/dms/src/lib/utils/fileUtils.ts,dms,0,,,keyword-scan; runtime status only in audit report
apps/web/dms/src/lib/utils/generateFilename.ts,dms,0,,,keyword-scan; runtime status only in audit report
apps/web/dms/src/lib/utils/gravatar.ts,dms,0,,,keyword-scan; runtime status only in audit report
apps/web/dms/src/lib/utils/index.ts,dms,0,,,keyword-scan; runtime status only in audit report
apps/web/dms/src/lib/utils/json.ts,dms,1,"failure,notice","23:failure,notice",keyword-scan; runtime status only in audit report
apps/web/dms/src/lib/utils/linkUtils.ts,dms,0,,,keyword-scan; runtime status only in audit report
apps/web/dms/src/lib/utils/markdown.ts,dms,1,notice,224:notice,keyword-scan; runtime status only in audit report
apps/web/dms/src/lib/utils/objectPath.ts,dms,0,,,keyword-scan; runtime status only in audit report
apps/web/dms/src/lib/utils/printDiagrams.ts,dms,0,,,keyword-scan; runtime status only in audit report
apps/web/dms/src/lib/utils/titlePathRecommendation.ts,dms,0,,,keyword-scan; runtime status only in audit report
apps/web/dms/src/middleware.ts,dms,4,"recovery,route",4:route;15:recovery;19:route;22:route,keyword-scan; runtime status only in audit report
apps/web/dms/src/stores/access.store.ts,dms,1,failure,26:failure,keyword-scan; runtime status only in audit report
apps/web/dms/src/stores/assistant-context.store.ts,dms,0,,,keyword-scan; runtime status only in audit report
apps/web/dms/src/stores/assistant-panel.store.ts,dms,0,,,keyword-scan; runtime status only in audit report
apps/web/dms/src/stores/assistant-session.store.ts,dms,0,,,keyword-scan; runtime status only in audit report
apps/web/dms/src/stores/auth.store.ts,dms,0,,,keyword-scan; runtime status only in audit report
apps/web/dms/src/stores/confirm.store.ts,dms,0,,,keyword-scan; runtime status only in audit report
apps/web/dms/src/stores/editor-core.store.ts,dms,20,"failure,notice,recovery","30:notice;157:notice;202:failure,notice;247:notice;270:notice;291:failure,notice;308:notice;338:notice;363:notice,recovery;399:notice;409:notice;428:notice;440:notice;456:notice;480:notice;495:notice;496:failure,notice;513:notice;534:failure,notice;541:notice",keyword-scan; runtime status only in audit report
apps/web/dms/src/stores/editor.store.ts,dms,0,,,keyword-scan; runtime status only in audit report
apps/web/dms/src/stores/file.store.ts,dms,16,"failure,notice,recovery","50:failure;229:notice;230:notice;232:notice;243:failure,notice;251:recovery;255:recovery;256:recovery;260:recovery;287:recovery;299:notice,recovery;300:notice,recovery;301:notice,recovery;303:notice,recovery;314:failure,notice,recovery;315:recovery",keyword-scan; runtime status only in audit report
apps/web/dms/src/stores/git.store.ts,dms,6,"notice,recovery",20:notice;22:notice;39:notice;41:notice;89:notice;162:recovery,keyword-scan; runtime status only in audit report
apps/web/dms/src/stores/index.ts,dms,0,,,keyword-scan; runtime status only in audit report
apps/web/dms/src/stores/layout.store.ts,dms,0,,,keyword-scan; runtime status only in audit report
apps/web/dms/src/stores/new-doc.store.ts,dms,0,,,keyword-scan; runtime status only in audit report
apps/web/dms/src/stores/settings-page-navigation.store.ts,dms,0,,,keyword-scan; runtime status only in audit report
apps/web/dms/src/stores/settings.store.ts,dms,6,notice,86:notice;91:notice;92:notice;117:notice;122:notice;123:notice,keyword-scan; runtime status only in audit report
apps/web/dms/src/stores/sidebar.store.ts,dms,0,,,keyword-scan; runtime status only in audit report
apps/web/dms/src/stores/tab.store.ts,dms,0,,,keyword-scan; runtime status only in audit report
apps/web/dms/src/types/bookmark.ts,dms,0,,,keyword-scan; runtime status only in audit report
apps/web/dms/src/types/content-metadata.ts,dms,0,,,keyword-scan; runtime status only in audit report
apps/web/dms/src/types/document-metadata.ts,dms,0,,,keyword-scan; runtime status only in audit report
apps/web/dms/src/types/file-tree.ts,dms,0,,,keyword-scan; runtime status only in audit report
apps/web/dms/src/types/index.ts,dms,0,,,keyword-scan; runtime status only in audit report
apps/web/dms/src/types/layout.ts,dms,0,,,keyword-scan; runtime status only in audit report
apps/web/dms/src/types/reference-file.ts,dms,0,,,keyword-scan; runtime status only in audit report
apps/web/dms/src/types/settings.ts,dms,0,,,keyword-scan; runtime status only in audit report
apps/web/dms/src/types/sidebar.ts,dms,0,,,keyword-scan; runtime status only in audit report
apps/web/dms/src/types/tab.ts,dms,0,,,keyword-scan; runtime status only in audit report
apps/web/dms/src/types/template.ts,dms,0,,,keyword-scan; runtime status only in audit report
apps/web/dms/tailwind.config.js,dms,0,,,keyword-scan; runtime status only in audit report
apps/web/pms/eslint.config.mjs,pms,0,,,keyword-scan; runtime status only in audit report
apps/web/pms/next-env.d.ts,pms,0,,,keyword-scan; runtime status only in audit report
apps/web/pms/next.config.mjs,pms,0,,,keyword-scan; runtime status only in audit report
apps/web/pms/postcss.config.mjs,pms,0,,,keyword-scan; runtime status only in audit report
apps/web/pms/src/app/(auth)/layout.tsx,pms,0,,,keyword-scan; runtime status only in audit report
apps/web/pms/src/app/(auth)/login/page.tsx,pms,0,,,keyword-scan; runtime status only in audit report
apps/web/pms/src/app/(auth)/password-reset/page.tsx,pms,0,,,keyword-scan; runtime status only in audit report
apps/web/pms/src/app/(main)/error.tsx,pms,11,"boundary,failure,notice,recovery","10:boundary,recovery;19:boundary;23:boundary,recovery;25:failure;32:recovery;42:failure,notice;46:notice;47:notice,recovery;51:recovery;53:recovery;59:recovery",keyword-scan; runtime status only in audit report
apps/web/pms/src/app/(main)/execution/page.tsx,pms,0,,,keyword-scan; runtime status only in audit report
apps/web/pms/src/app/(main)/layout.tsx,pms,1,notice,14:notice,keyword-scan; runtime status only in audit report
apps/web/pms/src/app/(main)/page.tsx,pms,0,,,keyword-scan; runtime status only in audit report
apps/web/pms/src/app/(main)/project-settings/page.tsx,pms,0,,,keyword-scan; runtime status only in audit report
apps/web/pms/src/app/(main)/proposal/page.tsx,pms,0,,,keyword-scan; runtime status only in audit report
apps/web/pms/src/app/(main)/request/page.tsx,pms,0,,,keyword-scan; runtime status only in audit report
apps/web/pms/src/app/(main)/settings/page.tsx,pms,0,,,keyword-scan; runtime status only in audit report
apps/web/pms/src/app/(main)/ssoo/search/page.tsx,pms,0,,,keyword-scan; runtime status only in audit report
apps/web/pms/src/app/(main)/transition/page.tsx,pms,0,,,keyword-scan; runtime status only in audit report
apps/web/pms/src/app/api/_shared/serverApiProxy.ts,pms,0,,,keyword-scan; runtime status only in audit report
apps/web/pms/src/app/api/auth/[action]/route.ts,pms,0,,,keyword-scan; runtime status only in audit report
apps/web/pms/src/app/api/auth/password-reset/[action]/route.ts,pms,0,,,keyword-scan; runtime status only in audit report
apps/web/pms/src/app/api/notifications/[[...path]]/route.ts,pms,0,,,keyword-scan; runtime status only in audit report
apps/web/pms/src/app/global-error.tsx,pms,11,"boundary,failure,notice,recovery","9:boundary;10:boundary,recovery;11:recovery;19:boundary;23:boundary,recovery;24:failure;32:recovery;55:notice,recovery;56:notice;60:recovery;72:recovery",keyword-scan; runtime status only in audit report
apps/web/pms/src/app/layout.tsx,pms,0,,,keyword-scan; runtime status only in audit report
apps/web/pms/src/app/not-found.tsx,pms,1,notice,26:notice,keyword-scan; runtime status only in audit report
apps/web/pms/src/app/providers.tsx,pms,0,,,keyword-scan; runtime status only in audit report
apps/web/pms/src/app/ssot-icon.svg/route.ts,pms,0,,,keyword-scan; runtime status only in audit report
apps/web/pms/src/components/common/ConfirmDialog.tsx,pms,0,,,keyword-scan; runtime status only in audit report
apps/web/pms/src/components/common/StateDisplay.tsx,pms,17,"failure,notice,recovery,state",81:state;83:state;85:failure;89:recovery;95:state;97:state;99:notice;100:recovery;102:state;113:recovery;114:recovery;116:recovery;124:state;126:state;143:state;145:state;151:state,keyword-scan; runtime status only in audit report
apps/web/pms/src/components/common/datagrid/Body.tsx,pms,0,,,keyword-scan; runtime status only in audit report
apps/web/pms/src/components/common/datagrid/DataGrid.tsx,pms,6,"failure,recovery,state",21:state;38:failure;40:recovery;118:recovery;285:state;287:recovery,keyword-scan; runtime status only in audit report
apps/web/pms/src/components/common/datagrid/Footer.tsx,pms,0,,,keyword-scan; runtime status only in audit report
apps/web/pms/src/components/common/datagrid/Pagination.tsx,pms,0,,,keyword-scan; runtime status only in audit report
apps/web/pms/src/components/common/datagrid/SecondGridPanel.tsx,pms,0,,,keyword-scan; runtime status only in audit report
apps/web/pms/src/components/common/datagrid/Toolbar.tsx,pms,0,,,keyword-scan; runtime status only in audit report
apps/web/pms/src/components/common/datagrid/index.ts,pms,0,,,keyword-scan; runtime status only in audit report
apps/web/pms/src/components/common/datagrid/utils.tsx,pms,0,,,keyword-scan; runtime status only in audit report
apps/web/pms/src/components/common/form/Components.tsx,pms,3,failure,146:failure;175:failure;176:failure,keyword-scan; runtime status only in audit report
apps/web/pms/src/components/common/form/index.ts,pms,0,,,keyword-scan; runtime status only in audit report
apps/web/pms/src/components/common/index.ts,pms,2,state,49:state;50:state,keyword-scan; runtime status only in audit report
apps/web/pms/src/components/common/page/Breadcrumb.tsx,pms,0,,,keyword-scan; runtime status only in audit report
apps/web/pms/src/components/common/page/Content.tsx,pms,0,,,keyword-scan; runtime status only in audit report
apps/web/pms/src/components/common/page/FilterBar.tsx,pms,0,,,keyword-scan; runtime status only in audit report
apps/web/pms/src/components/common/page/Header.tsx,pms,0,,,keyword-scan; runtime status only in audit report
apps/web/pms/src/components/common/page/index.ts,pms,0,,,keyword-scan; runtime status only in audit report
apps/web/pms/src/components/index.ts,pms,0,,,keyword-scan; runtime status only in audit report
apps/web/pms/src/components/layout/AppLayout.tsx,pms,0,,,keyword-scan; runtime status only in audit report
apps/web/pms/src/components/layout/ContentArea.tsx,pms,3,"route,state",10:state;145:state;155:route,keyword-scan; runtime status only in audit report
apps/web/pms/src/components/layout/Header.tsx,pms,0,,,keyword-scan; runtime status only in audit report
apps/web/pms/src/components/layout/HeaderNotifications.tsx,pms,1,failure,59:failure,keyword-scan; runtime status only in audit report
apps/web/pms/src/components/layout/TabBar.tsx,pms,0,,,keyword-scan; runtime status only in audit report
apps/web/pms/src/components/layout/UserMenu.tsx,pms,1,recovery,25:recovery,keyword-scan; runtime status only in audit report
apps/web/pms/src/components/layout/index.ts,pms,0,,,keyword-scan; runtime status only in audit report
apps/web/pms/src/components/layout/sidebar/AdminMenu.tsx,pms,2,state,8:state;61:state,keyword-scan; runtime status only in audit report
apps/web/pms/src/components/layout/sidebar/Favorites.tsx,pms,4,state,9:state;26:state;28:state;76:state,keyword-scan; runtime status only in audit report
apps/web/pms/src/components/layout/sidebar/MenuTree.tsx,pms,2,state,10:state;98:state,keyword-scan; runtime status only in audit report
apps/web/pms/src/components/layout/sidebar/OpenTabs.tsx,pms,4,state,7:state;26:state;28:state;59:state,keyword-scan; runtime status only in audit report
apps/web/pms/src/components/layout/sidebar/Sidebar.tsx,pms,1,recovery,97:recovery,keyword-scan; runtime status only in audit report
apps/web/pms/src/components/layout/sidebar/constants.ts,pms,0,,,keyword-scan; runtime status only in audit report
apps/web/pms/src/components/layout/sidebar/index.ts,pms,0,,,keyword-scan; runtime status only in audit report
apps/web/pms/src/components/pages/admin/CodeManagementPage.tsx,pms,5,"failure,notice,recovery,state","15:state;103:failure;142:state,recovery;370:failure;373:notice",keyword-scan; runtime status only in audit report
apps/web/pms/src/components/pages/admin/MasterDataPage.tsx,pms,24,"failure,notice,recovery,state","40:state;510:recovery;511:recovery;512:recovery;513:recovery;514:recovery;515:recovery;516:recovery;517:recovery;518:recovery;722:notice;743:notice;800:notice;835:notice;934:failure;948:failure;962:failure;976:failure;984:notice;1226:state,failure,recovery;1358:failure;1399:failure;2341:failure;2344:notice",keyword-scan; runtime status only in audit report
apps/web/pms/src/components/pages/admin/MenuManagementPage.tsx,pms,5,"failure,notice,recovery,state","23:state;202:failure;263:state,recovery;551:failure;554:notice",keyword-scan; runtime status only in audit report
apps/web/pms/src/components/pages/admin/RoleManagementPage.tsx,pms,3,"failure,notice,recovery,state","13:state;236:failure,notice;247:state,recovery",keyword-scan; runtime status only in audit report
apps/web/pms/src/components/pages/admin/TemplateManagementPage.tsx,pms,13,"failure,notice,recovery,state","26:state;162:notice;215:failure;261:failure;269:failure;286:failure;299:failure;315:failure;359:failure;369:failure;370:state,recovery;394:recovery;396:recovery",keyword-scan; runtime status only in audit report
apps/web/pms/src/components/pages/admin/index.ts,pms,0,,,keyword-scan; runtime status only in audit report
apps/web/pms/src/components/pages/execution/ListPage.tsx,pms,2,"notice,recovery",111:notice;163:recovery,keyword-scan; runtime status only in audit report
apps/web/pms/src/components/pages/execution/index.ts,pms,0,,,keyword-scan; runtime status only in audit report
apps/web/pms/src/components/pages/home/DashboardPage.tsx,pms,3,"recovery,state",222:state;228:recovery;927:state,keyword-scan; runtime status only in audit report
apps/web/pms/src/components/pages/home/index.ts,pms,0,,,keyword-scan; runtime status only in audit report
apps/web/pms/src/components/pages/index.ts,pms,0,,,keyword-scan; runtime status only in audit report
apps/web/pms/src/components/pages/project/DetailPage.tsx,pms,11,"failure,notice,recovery,state","7:state;359:state;368:state;369:failure,notice;370:recovery;412:recovery;420:recovery;463:recovery;466:recovery;469:recovery;472:recovery",keyword-scan; runtime status only in audit report
apps/web/pms/src/components/pages/project/index.ts,pms,0,,,keyword-scan; runtime status only in audit report
apps/web/pms/src/components/pages/project/sections/BasicInfoSection.tsx,pms,0,,,keyword-scan; runtime status only in audit report
apps/web/pms/src/components/pages/project/sections/OrganizationsSection.tsx,pms,7,"failure,recovery",48:failure;94:failure;115:failure;116:recovery;141:failure;142:recovery;248:failure,keyword-scan; runtime status only in audit report
apps/web/pms/src/components/pages/project/sections/ProjectControlDashboardPanel.tsx,pms,2,recovery,73:recovery;75:recovery,keyword-scan; runtime status only in audit report
apps/web/pms/src/components/pages/project/sections/RelationsSection.tsx,pms,9,"failure,recovery",42:failure;84:failure;114:failure;134:failure;135:recovery;160:failure;161:recovery;237:failure;262:failure,keyword-scan; runtime status only in audit report
apps/web/pms/src/components/pages/project/sections/StageActionBar.tsx,pms,1,notice,212:notice,keyword-scan; runtime status only in audit report
apps/web/pms/src/components/pages/project/sections/StatusTimeline.tsx,pms,0,,,keyword-scan; runtime status only in audit report
apps/web/pms/src/components/pages/project/tabs/CloseConditionsTab.tsx,pms,16,"failure,recovery",94:failure;116:failure;117:recovery;146:failure;147:recovery;168:failure;169:recovery;183:failure;184:recovery;197:failure;198:recovery;217:failure;218:recovery;238:failure;239:recovery;259:failure,keyword-scan; runtime status only in audit report
apps/web/pms/src/components/pages/project/tabs/CloseoutApprovalRoutePanel.tsx,pms,0,,,keyword-scan; runtime status only in audit report
apps/web/pms/src/components/pages/project/tabs/ControlsTab.tsx,pms,7,"failure,recovery",238:failure;298:failure;299:recovery;311:failure;312:recovery;392:failure;393:recovery,keyword-scan; runtime status only in audit report
apps/web/pms/src/components/pages/project/tabs/DeliverablesTab.tsx,pms,8,"failure,recovery",217:failure;239:failure;240:recovery;272:failure;273:recovery;338:failure;339:recovery;359:failure,keyword-scan; runtime status only in audit report
apps/web/pms/src/components/pages/project/tabs/EventRollupSummary.tsx,pms,0,,,keyword-scan; runtime status only in audit report
apps/web/pms/src/components/pages/project/tabs/ExecutionDetailTab.tsx,pms,2,failure,70:failure;243:failure,keyword-scan; runtime status only in audit report
apps/web/pms/src/components/pages/project/tabs/HandoffsTab.tsx,pms,10,"failure,recovery",315:failure;378:failure;380:failure;382:recovery;470:failure;472:failure;571:failure;636:failure;753:failure;755:recovery,keyword-scan; runtime status only in audit report
apps/web/pms/src/components/pages/project/tabs/MembersTab.tsx,pms,8,"failure,recovery",84:failure;98:failure;133:failure;206:failure;208:recovery;327:failure;329:failure;331:recovery,keyword-scan; runtime status only in audit report
apps/web/pms/src/components/pages/project/tabs/MilestonesTab.tsx,pms,0,,,keyword-scan; runtime status only in audit report
apps/web/pms/src/components/pages/project/tabs/ProjectMemberOwnerSelect.tsx,pms,5,"failure,recovery",37:failure;75:failure;77:failure;82:recovery;84:recovery,keyword-scan; runtime status only in audit report
apps/web/pms/src/components/pages/project/tabs/ProposalDetailTab.tsx,pms,0,,,keyword-scan; runtime status only in audit report
apps/web/pms/src/components/pages/project/tabs/RequestDetailTab.tsx,pms,0,,,keyword-scan; runtime status only in audit report
apps/web/pms/src/components/pages/project/tabs/ReviewSummaryTab.tsx,pms,8,"failure,notice",488:failure;798:notice;1442:failure;1466:failure;1492:failure;1566:failure;1651:failure;1699:failure,keyword-scan; runtime status only in audit report
apps/web/pms/src/components/pages/project/tabs/TaskAssigneeSelect.tsx,pms,2,"failure,recovery,state","14:failure;19:state,failure,recovery",keyword-scan; runtime status only in audit report
apps/web/pms/src/components/pages/project/tabs/TasksTab.tsx,pms,8,"failure,recovery,state","341:failure;634:state,failure,recovery;638:state,failure,recovery;639:state,failure,recovery;884:state,failure,recovery;919:state,failure,recovery;923:state,failure,recovery;924:state,failure,recovery",keyword-scan; runtime status only in audit report
apps/web/pms/src/components/pages/project/tabs/TransitionDetailTab.tsx,pms,0,,,keyword-scan; runtime status only in audit report
apps/web/pms/src/components/pages/project/tabs/control/DomainPanels.tsx,pms,0,,,keyword-scan; runtime status only in audit report
apps/web/pms/src/components/pages/project/tabs/planning/ObjectivesPanel.tsx,pms,0,,,keyword-scan; runtime status only in audit report
apps/web/pms/src/components/pages/project/tabs/planning/WbsPanel.tsx,pms,0,,,keyword-scan; runtime status only in audit report
apps/web/pms/src/components/pages/proposal/ListPage.tsx,pms,2,"notice,recovery",111:notice;163:recovery,keyword-scan; runtime status only in audit report
apps/web/pms/src/components/pages/proposal/index.ts,pms,0,,,keyword-scan; runtime status only in audit report
apps/web/pms/src/components/pages/request/CreatePage.tsx,pms,3,"failure,notice",151:notice;177:notice;417:failure,keyword-scan; runtime status only in audit report
apps/web/pms/src/components/pages/request/ListPage.tsx,pms,2,"notice,recovery",196:notice;288:recovery,keyword-scan; runtime status only in audit report
apps/web/pms/src/components/pages/request/index.ts,pms,0,,,keyword-scan; runtime status only in audit report
apps/web/pms/src/components/pages/search/GlobalSearchPage.tsx,pms,0,,,keyword-scan; runtime status only in audit report
apps/web/pms/src/components/pages/settings/SettingsPage.tsx,pms,4,"failure,recovery","16:failure,recovery;25:failure;26:recovery;28:failure,recovery",keyword-scan; runtime status only in audit report
apps/web/pms/src/components/pages/transition/ListPage.tsx,pms,2,"notice,recovery",109:notice;161:recovery,keyword-scan; runtime status only in audit report
apps/web/pms/src/components/pages/transition/index.ts,pms,0,,,keyword-scan; runtime status only in audit report
apps/web/pms/src/components/pages/work-queues/ProjectViews.tsx,pms,0,,,keyword-scan; runtime status only in audit report
apps/web/pms/src/components/pages/work-queues/WorkQueuePages.tsx,pms,12,"failure,recovery,state","101:state;106:recovery;111:state;197:failure;206:state,failure,recovery;207:state,failure;208:state;249:state,failure;250:state;272:state,failure;273:state;304:state,failure",keyword-scan; runtime status only in audit report
apps/web/pms/src/components/templates/FormPageTemplate.tsx,pms,6,"failure,recovery,state","8:state;47:failure;49:recovery;86:recovery;96:recovery;131:state,recovery",keyword-scan; runtime status only in audit report
apps/web/pms/src/components/templates/ListPageTemplate.tsx,pms,0,,,keyword-scan; runtime status only in audit report
apps/web/pms/src/components/templates/index.ts,pms,0,,,keyword-scan; runtime status only in audit report
apps/web/pms/src/components/ui/alert-dialog.tsx,pms,0,,,keyword-scan; runtime status only in audit report
apps/web/pms/src/components/ui/badge.tsx,pms,0,,,keyword-scan; runtime status only in audit report
apps/web/pms/src/components/ui/button.stories.tsx,pms,0,,,keyword-scan; runtime status only in audit report
apps/web/pms/src/components/ui/button.tsx,pms,0,,,keyword-scan; runtime status only in audit report
apps/web/pms/src/components/ui/card.stories.tsx,pms,0,,,keyword-scan; runtime status only in audit report
apps/web/pms/src/components/ui/card.tsx,pms,0,,,keyword-scan; runtime status only in audit report
apps/web/pms/src/components/ui/checkbox.stories.tsx,pms,0,,,keyword-scan; runtime status only in audit report
apps/web/pms/src/components/ui/checkbox.tsx,pms,0,,,keyword-scan; runtime status only in audit report
apps/web/pms/src/components/ui/dialog.tsx,pms,0,,,keyword-scan; runtime status only in audit report
apps/web/pms/src/components/ui/dropdown-menu.tsx,pms,0,,,keyword-scan; runtime status only in audit report
apps/web/pms/src/components/ui/input.stories.tsx,pms,0,,,keyword-scan; runtime status only in audit report
apps/web/pms/src/components/ui/input.tsx,pms,0,,,keyword-scan; runtime status only in audit report
apps/web/pms/src/components/ui/scroll-area.tsx,pms,0,,,keyword-scan; runtime status only in audit report
apps/web/pms/src/components/ui/select.stories.tsx,pms,0,,,keyword-scan; runtime status only in audit report
apps/web/pms/src/components/ui/select.tsx,pms,0,,,keyword-scan; runtime status only in audit report
apps/web/pms/src/components/ui/skeleton.tsx,pms,0,,,keyword-scan; runtime status only in audit report
apps/web/pms/src/components/ui/table.stories.tsx,pms,2,"failure,state",216:state;283:failure,keyword-scan; runtime status only in audit report
apps/web/pms/src/components/ui/table.tsx,pms,0,,,keyword-scan; runtime status only in audit report
apps/web/pms/src/components/ui/textarea.stories.tsx,pms,0,,,keyword-scan; runtime status only in audit report
apps/web/pms/src/components/ui/textarea.tsx,pms,0,,,keyword-scan; runtime status only in audit report
apps/web/pms/src/hooks/index.ts,pms,0,,,keyword-scan; runtime status only in audit report
apps/web/pms/src/hooks/queries/index.ts,pms,0,,,keyword-scan; runtime status only in audit report
apps/web/pms/src/hooks/queries/useCodes.ts,pms,0,,,keyword-scan; runtime status only in audit report
apps/web/pms/src/hooks/queries/useCrmHandoff.ts,pms,0,,,keyword-scan; runtime status only in audit report
apps/web/pms/src/hooks/queries/useCustomers.ts,pms,0,,,keyword-scan; runtime status only in audit report
apps/web/pms/src/hooks/queries/useHomeSummary.ts,pms,0,,,keyword-scan; runtime status only in audit report
apps/web/pms/src/hooks/queries/useMenuAdmin.ts,pms,0,,,keyword-scan; runtime status only in audit report
apps/web/pms/src/hooks/queries/useMenus.ts,pms,0,,,keyword-scan; runtime status only in audit report
apps/web/pms/src/hooks/queries/usePmsMaster.ts,pms,0,,,keyword-scan; runtime status only in audit report
apps/web/pms/src/hooks/queries/usePmsSettings.ts,pms,0,,,keyword-scan; runtime status only in audit report
apps/web/pms/src/hooks/queries/usePmsTemplates.ts,pms,0,,,keyword-scan; runtime status only in audit report
apps/web/pms/src/hooks/queries/useProjects.ts,pms,0,,,keyword-scan; runtime status only in audit report
apps/web/pms/src/hooks/queries/useRoles.ts,pms,0,,,keyword-scan; runtime status only in audit report
apps/web/pms/src/hooks/useCurrentTab.ts,pms,0,,,keyword-scan; runtime status only in audit report
apps/web/pms/src/hooks/useOpenTabWithConfirm.ts,pms,0,,,keyword-scan; runtime status only in audit report
apps/web/pms/src/hooks/usePmsAccess.ts,pms,0,,,keyword-scan; runtime status only in audit report
apps/web/pms/src/lib/api/auth.ts,pms,0,,,keyword-scan; runtime status only in audit report
apps/web/pms/src/lib/api/client.ts,pms,0,,,keyword-scan; runtime status only in audit report
apps/web/pms/src/lib/api/endpoints/codes.ts,pms,0,,,keyword-scan; runtime status only in audit report
apps/web/pms/src/lib/api/endpoints/crmHandoff.ts,pms,0,,,keyword-scan; runtime status only in audit report
apps/web/pms/src/lib/api/endpoints/customers.ts,pms,2,"failure,notice","46:failure;73:failure,notice",keyword-scan; runtime status only in audit report
apps/web/pms/src/lib/api/endpoints/home.ts,pms,0,,,keyword-scan; runtime status only in audit report
apps/web/pms/src/lib/api/endpoints/index.ts,pms,0,,,keyword-scan; runtime status only in audit report
apps/web/pms/src/lib/api/endpoints/master.ts,pms,2,"failure,notice","62:failure;88:failure,notice",keyword-scan; runtime status only in audit report
apps/web/pms/src/lib/api/endpoints/menus.ts,pms,0,,,keyword-scan; runtime status only in audit report
apps/web/pms/src/lib/api/endpoints/menusAdmin.ts,pms,0,,,keyword-scan; runtime status only in audit report
apps/web/pms/src/lib/api/endpoints/projects.ts,pms,2,"failure,notice","1102:failure;1133:failure,notice",keyword-scan; runtime status only in audit report
apps/web/pms/src/lib/api/endpoints/roles.ts,pms,0,,,keyword-scan; runtime status only in audit report
apps/web/pms/src/lib/api/endpoints/settings.ts,pms,0,,,keyword-scan; runtime status only in audit report
apps/web/pms/src/lib/api/endpoints/templates.ts,pms,0,,,keyword-scan; runtime status only in audit report
apps/web/pms/src/lib/api/index.ts,pms,0,,,keyword-scan; runtime status only in audit report
apps/web/pms/src/lib/api/types.ts,pms,0,,,keyword-scan; runtime status only in audit report
apps/web/pms/src/lib/constants/routes.ts,pms,0,,,keyword-scan; runtime status only in audit report
apps/web/pms/src/lib/index.ts,pms,0,,,keyword-scan; runtime status only in audit report
apps/web/pms/src/lib/pms-format.ts,pms,0,,,keyword-scan; runtime status only in audit report
apps/web/pms/src/lib/project-display.ts,pms,0,,,keyword-scan; runtime status only in audit report
apps/web/pms/src/lib/toast.ts,pms,3,failure,9:failure;77:failure;83:failure,keyword-scan; runtime status only in audit report
apps/web/pms/src/lib/user-scope.ts,pms,0,,,keyword-scan; runtime status only in audit report
apps/web/pms/src/lib/utils/icons.ts,pms,0,,,keyword-scan; runtime status only in audit report
apps/web/pms/src/lib/utils/index.ts,pms,0,,,keyword-scan; runtime status only in audit report
apps/web/pms/src/lib/validations/auth.ts,pms,0,,,keyword-scan; runtime status only in audit report
apps/web/pms/src/lib/validations/common.ts,pms,0,,,keyword-scan; runtime status only in audit report
apps/web/pms/src/lib/validations/index.ts,pms,0,,,keyword-scan; runtime status only in audit report
apps/web/pms/src/lib/validations/project.ts,pms,0,,,keyword-scan; runtime status only in audit report
apps/web/pms/src/middleware.ts,pms,4,"notice,route",4:route;14:route;16:route;24:notice,keyword-scan; runtime status only in audit report
apps/web/pms/src/stores/access.store.ts,pms,1,failure,26:failure,keyword-scan; runtime status only in audit report
apps/web/pms/src/stores/auth.store.ts,pms,0,,,keyword-scan; runtime status only in audit report
apps/web/pms/src/stores/confirm.store.ts,pms,0,,,keyword-scan; runtime status only in audit report
apps/web/pms/src/stores/index.ts,pms,0,,,keyword-scan; runtime status only in audit report
apps/web/pms/src/stores/layout.store.ts,pms,0,,,keyword-scan; runtime status only in audit report
apps/web/pms/src/stores/menu.store.ts,pms,1,recovery,40:recovery,keyword-scan; runtime status only in audit report
apps/web/pms/src/stores/sidebar.store.ts,pms,0,,,keyword-scan; runtime status only in audit report
apps/web/pms/src/stores/tab.store.ts,pms,0,,,keyword-scan; runtime status only in audit report
apps/web/pms/src/types/index.ts,pms,0,,,keyword-scan; runtime status only in audit report
apps/web/pms/src/types/layout.ts,pms,0,,,keyword-scan; runtime status only in audit report
apps/web/pms/src/types/menu.ts,pms,0,,,keyword-scan; runtime status only in audit report
apps/web/pms/src/types/sidebar.ts,pms,0,,,keyword-scan; runtime status only in audit report
apps/web/pms/src/types/tab.ts,pms,0,,,keyword-scan; runtime status only in audit report
apps/web/pms/tailwind.config.ts,pms,0,,,keyword-scan; runtime status only in audit report
apps/web/sns/eslint.config.mjs,sns,0,,,keyword-scan; runtime status only in audit report
apps/web/sns/next-env.d.ts,sns,0,,,keyword-scan; runtime status only in audit report
apps/web/sns/next.config.mjs,sns,0,,,keyword-scan; runtime status only in audit report
apps/web/sns/postcss.config.mjs,sns,0,,,keyword-scan; runtime status only in audit report
apps/web/sns/src/app/(auth)/layout.tsx,sns,0,,,keyword-scan; runtime status only in audit report
apps/web/sns/src/app/(auth)/login/page.tsx,sns,0,,,keyword-scan; runtime status only in audit report
apps/web/sns/src/app/(auth)/password-reset/page.tsx,sns,0,,,keyword-scan; runtime status only in audit report
apps/web/sns/src/app/(main)/board/[id]/page.tsx,sns,0,,,keyword-scan; runtime status only in audit report
apps/web/sns/src/app/(main)/board/page.tsx,sns,0,,,keyword-scan; runtime status only in audit report
apps/web/sns/src/app/(main)/layout.tsx,sns,0,,,keyword-scan; runtime status only in audit report
apps/web/sns/src/app/(main)/page.tsx,sns,0,,,keyword-scan; runtime status only in audit report
apps/web/sns/src/app/(main)/post/[id]/page.tsx,sns,0,,,keyword-scan; runtime status only in audit report
apps/web/sns/src/app/(main)/profile/[userId]/page.tsx,sns,0,,,keyword-scan; runtime status only in audit report
apps/web/sns/src/app/(main)/search/page.tsx,sns,0,,,keyword-scan; runtime status only in audit report
apps/web/sns/src/app/(main)/settings/page.tsx,sns,0,,,keyword-scan; runtime status only in audit report
apps/web/sns/src/app/(main)/ssoo/search/page.tsx,sns,0,,,keyword-scan; runtime status only in audit report
apps/web/sns/src/app/api/_shared/serverApiProxy.ts,sns,0,,,keyword-scan; runtime status only in audit report
apps/web/sns/src/app/api/auth/[action]/route.ts,sns,0,,,keyword-scan; runtime status only in audit report
apps/web/sns/src/app/api/auth/password-reset/[action]/route.ts,sns,0,,,keyword-scan; runtime status only in audit report
apps/web/sns/src/app/api/notifications/[[...path]]/route.ts,sns,0,,,keyword-scan; runtime status only in audit report
apps/web/sns/src/app/layout.tsx,sns,0,,,keyword-scan; runtime status only in audit report
apps/web/sns/src/app/not-found.tsx,sns,1,notice,19:notice,keyword-scan; runtime status only in audit report
apps/web/sns/src/app/providers.tsx,sns,0,,,keyword-scan; runtime status only in audit report
apps/web/sns/src/app/ssot-icon.svg/route.ts,sns,0,,,keyword-scan; runtime status only in audit report
apps/web/sns/src/components/common/StateDisplay.tsx,sns,3,state,30:state;38:state;44:state,keyword-scan; runtime status only in audit report
apps/web/sns/src/components/layout/AppLayout.tsx,sns,0,,,keyword-scan; runtime status only in audit report
apps/web/sns/src/components/layout/ContentArea.tsx,sns,7,"recovery,state",6:state;11:state;112:state;217:state;218:recovery;219:recovery;228:state,keyword-scan; runtime status only in audit report
apps/web/sns/src/components/layout/Header.tsx,sns,0,,,keyword-scan; runtime status only in audit report
apps/web/sns/src/components/layout/HeaderNotifications.tsx,sns,1,failure,59:failure,keyword-scan; runtime status only in audit report
apps/web/sns/src/components/layout/Sidebar.tsx,sns,3,"recovery,state",7:state;58:recovery;86:state,keyword-scan; runtime status only in audit report
apps/web/sns/src/components/layout/TabBar.tsx,sns,0,,,keyword-scan; runtime status only in audit report
apps/web/sns/src/components/layout/UserMenu.tsx,sns,0,,,keyword-scan; runtime status only in audit report
apps/web/sns/src/components/layout/index.ts,sns,0,,,keyword-scan; runtime status only in audit report
apps/web/sns/src/components/layout/shell-navigation.ts,sns,0,,,keyword-scan; runtime status only in audit report
apps/web/sns/src/components/pages/board/BoardDetailPage.tsx,sns,14,"failure,notice,recovery,state","8:state;63:state;65:notice;66:notice;80:failure;83:state;85:notice;86:failure;89:recovery;135:recovery;141:failure;142:state;145:failure,recovery;148:state",keyword-scan; runtime status only in audit report
apps/web/sns/src/components/pages/board/BoardListPage.tsx,sns,8,"failure,notice,recovery,state",9:state;28:failure;37:state;39:notice;40:notice;69:failure;72:recovery;87:state,keyword-scan; runtime status only in audit report
apps/web/sns/src/components/pages/board/CreateBoardDialog.tsx,sns,4,"failure,recovery,state","34:failure;36:failure,recovery;50:state,failure;51:failure",keyword-scan; runtime status only in audit report
apps/web/sns/src/components/pages/feed/AttachLinkButton.tsx,sns,2,"failure,state","34:failure;35:state,failure",keyword-scan; runtime status only in audit report
apps/web/sns/src/components/pages/feed/ComposeBox.tsx,sns,5,"failure,notice,recovery,state","94:failure,recovery;142:state,failure;143:recovery;174:recovery;185:notice",keyword-scan; runtime status only in audit report
apps/web/sns/src/components/pages/feed/FeedContextRail.tsx,sns,0,,,keyword-scan; runtime status only in audit report
apps/web/sns/src/components/pages/feed/FeedIdentityRail.tsx,sns,0,,,keyword-scan; runtime status only in audit report
apps/web/sns/src/components/pages/feed/FeedPage.tsx,sns,4,"notice,state",7:state;17:state;19:notice;20:notice,keyword-scan; runtime status only in audit report
apps/web/sns/src/components/pages/feed/FeedTimeline.tsx,sns,5,"notice,state",6:state;20:state;22:notice;23:notice;49:state,keyword-scan; runtime status only in audit report
apps/web/sns/src/components/pages/feed/ImageDrafts.tsx,sns,0,,,keyword-scan; runtime status only in audit report
apps/web/sns/src/components/pages/feed/PostCard.tsx,sns,0,,,keyword-scan; runtime status only in audit report
apps/web/sns/src/components/pages/feed/PostComments.tsx,sns,9,"failure,notice,recovery,state","18:failure;21:recovery;50:failure,recovery;60:failure;62:state;63:recovery;83:failure;85:state,failure;88:notice",keyword-scan; runtime status only in audit report
apps/web/sns/src/components/pages/feed/PostContent.tsx,sns,0,,,keyword-scan; runtime status only in audit report
apps/web/sns/src/components/pages/feed/PostDetailPage.tsx,sns,7,"failure,recovery,state",6:state;17:failure;23:recovery;26:state;28:failure;29:state;30:recovery,keyword-scan; runtime status only in audit report
apps/web/sns/src/components/pages/feed/PostImages.tsx,sns,4,"failure,recovery",18:failure;23:failure;24:failure;26:recovery,keyword-scan; runtime status only in audit report
apps/web/sns/src/components/pages/feed/SharePostButton.tsx,sns,0,,,keyword-scan; runtime status only in audit report
apps/web/sns/src/components/pages/global-search/GlobalSearchPage.tsx,sns,0,,,keyword-scan; runtime status only in audit report
apps/web/sns/src/components/pages/search/SearchPage.tsx,sns,14,"failure,notice,recovery,state",12:state;17:state;20:state;22:notice;23:notice;33:state;50:failure;51:state;93:state;100:failure;101:state;103:recovery;104:recovery;107:state,keyword-scan; runtime status only in audit report
apps/web/sns/src/components/ui/avatar.tsx,sns,0,,,keyword-scan; runtime status only in audit report
apps/web/sns/src/components/ui/badge.tsx,sns,0,,,keyword-scan; runtime status only in audit report
apps/web/sns/src/components/ui/button.tsx,sns,0,,,keyword-scan; runtime status only in audit report
apps/web/sns/src/components/ui/card.tsx,sns,0,,,keyword-scan; runtime status only in audit report
apps/web/sns/src/components/ui/input.tsx,sns,0,,,keyword-scan; runtime status only in audit report
apps/web/sns/src/components/ui/scroll-area.tsx,sns,0,,,keyword-scan; runtime status only in audit report
apps/web/sns/src/components/ui/separator.tsx,sns,0,,,keyword-scan; runtime status only in audit report
apps/web/sns/src/components/ui/skeleton.tsx,sns,0,,,keyword-scan; runtime status only in audit report
apps/web/sns/src/components/ui/textarea.tsx,sns,0,,,keyword-scan; runtime status only in audit report
apps/web/sns/src/hooks/queries/useBoards.ts,sns,0,,,keyword-scan; runtime status only in audit report
apps/web/sns/src/hooks/queries/useComments.ts,sns,0,,,keyword-scan; runtime status only in audit report
apps/web/sns/src/hooks/queries/useExperts.ts,sns,0,,,keyword-scan; runtime status only in audit report
apps/web/sns/src/hooks/queries/useNotifications.ts,sns,2,notice,51:notice;62:notice,keyword-scan; runtime status only in audit report
apps/web/sns/src/hooks/queries/usePosts.ts,sns,0,,,keyword-scan; runtime status only in audit report
apps/web/sns/src/hooks/queries/useProfiles.ts,sns,0,,,keyword-scan; runtime status only in audit report
apps/web/sns/src/lib/api/auth.ts,sns,0,,,keyword-scan; runtime status only in audit report
apps/web/sns/src/lib/api/client.ts,sns,1,notice,9:notice,keyword-scan; runtime status only in audit report
apps/web/sns/src/lib/api/endpoints/access.ts,sns,0,,,keyword-scan; runtime status only in audit report
apps/web/sns/src/lib/api/endpoints/boards.ts,sns,0,,,keyword-scan; runtime status only in audit report
apps/web/sns/src/lib/api/endpoints/comments.ts,sns,0,,,keyword-scan; runtime status only in audit report
apps/web/sns/src/lib/api/endpoints/follows.ts,sns,0,,,keyword-scan; runtime status only in audit report
apps/web/sns/src/lib/api/endpoints/posts.ts,sns,0,,,keyword-scan; runtime status only in audit report
apps/web/sns/src/lib/api/endpoints/profiles.ts,sns,0,,,keyword-scan; runtime status only in audit report
apps/web/sns/src/lib/api/endpoints/skills.ts,sns,0,,,keyword-scan; runtime status only in audit report
apps/web/sns/src/lib/api/index.ts,sns,0,,,keyword-scan; runtime status only in audit report
apps/web/sns/src/lib/api/types.ts,sns,1,failure,5:failure,keyword-scan; runtime status only in audit report
apps/web/sns/src/lib/constants/routes.ts,sns,0,,,keyword-scan; runtime status only in audit report
apps/web/sns/src/lib/user-scope.ts,sns,0,,,keyword-scan; runtime status only in audit report
apps/web/sns/src/lib/utils.ts,sns,0,,,keyword-scan; runtime status only in audit report
apps/web/sns/src/lib/utils/post-links.ts,sns,0,,,keyword-scan; runtime status only in audit report
apps/web/sns/src/lib/validations/board.ts,sns,0,,,keyword-scan; runtime status only in audit report
apps/web/sns/src/middleware.ts,sns,3,route,4:route;18:route;20:route,keyword-scan; runtime status only in audit report
apps/web/sns/src/stores/access.store.ts,sns,2,failure,25:failure;42:failure,keyword-scan; runtime status only in audit report
apps/web/sns/src/stores/auth.store.ts,sns,0,,,keyword-scan; runtime status only in audit report
apps/web/sns/src/stores/index.ts,sns,0,,,keyword-scan; runtime status only in audit report
apps/web/sns/src/stores/tab.store.ts,sns,0,,,keyword-scan; runtime status only in audit report
apps/web/sns/tailwind.config.ts,sns,0,,,keyword-scan; runtime status only in audit report
packages/web-auth/src/account-center.ts,web-auth,0,,,keyword-scan; runtime status only in audit report
packages/web-auth/src/auth-api.ts,web-auth,2,"failure,notice","34:failure;79:failure,notice",keyword-scan; runtime status only in audit report
packages/web-auth/src/auth-proxy-route.ts,web-auth,0,,,keyword-scan; runtime status only in audit report
packages/web-auth/src/auth-proxy.ts,web-auth,10,"failure,notice,recovery","23:failure;40:notice;42:notice,recovery;44:notice;46:notice;48:notice;50:notice;52:notice;75:failure;102:failure",keyword-scan; runtime status only in audit report
packages/web-auth/src/axios-api-client.ts,web-auth,5,"failure,notice",31:failure;33:failure;40:notice;41:notice;42:notice,keyword-scan; runtime status only in audit report
packages/web-auth/src/global-search-adapter.ts,web-auth,0,,,keyword-scan; runtime status only in audit report
packages/web-auth/src/index.ts,web-auth,0,,,keyword-scan; runtime status only in audit report
packages/web-auth/src/login-bootstrap.ts,web-auth,0,,,keyword-scan; runtime status only in audit report
packages/web-auth/src/login-page.tsx,web-auth,2,route,39:route;41:route,keyword-scan; runtime status only in audit report
packages/web-auth/src/logout.ts,web-auth,0,,,keyword-scan; runtime status only in audit report
packages/web-auth/src/notification-center-state.ts,web-auth,7,"failure,notice",32:failure;282:failure;326:failure;336:notice;343:notice;350:notice;357:notice,keyword-scan; runtime status only in audit report
packages/web-auth/src/notification-proxy-route.ts,web-auth,8,notice,102:notice;104:notice;106:notice;108:notice;110:notice;112:notice;114:notice;116:notice,keyword-scan; runtime status only in audit report
packages/web-auth/src/notification-proxy.ts,web-auth,2,failure,14:failure;37:failure,keyword-scan; runtime status only in audit report
packages/web-auth/src/notification-routing.ts,web-auth,0,,,keyword-scan; runtime status only in audit report
packages/web-auth/src/notifications.ts,web-auth,3,"failure,notice",22:failure;93:failure;146:notice,keyword-scan; runtime status only in audit report
packages/web-auth/src/password-reset-page.tsx,web-auth,5,"failure,notice","35:failure;38:failure,notice;76:failure,notice;101:failure,notice;115:failure",keyword-scan; runtime status only in audit report
packages/web-auth/src/protected-app-bootstrap.ts,web-auth,0,,,keyword-scan; runtime status only in audit report
packages/web-auth/src/search-routing.ts,web-auth,0,,,keyword-scan; runtime status only in audit report
packages/web-auth/src/search.ts,web-auth,3,"failure,notice",11:failure;43:notice;55:notice,keyword-scan; runtime status only in audit report
packages/web-auth/src/server-api-proxy.ts,web-auth,3,failure,22:failure;168:failure;240:failure,keyword-scan; runtime status only in audit report
packages/web-auth/src/session-bootstrap.ts,web-auth,3,"failure,notice",5:notice;46:failure;114:notice,keyword-scan; runtime status only in audit report
packages/web-auth/src/session-cookie-retry.ts,web-auth,0,,,keyword-scan; runtime status only in audit report
packages/web-auth/src/state-changing-proxy.ts,web-auth,0,,,keyword-scan; runtime status only in audit report
packages/web-auth/src/state-sync.tsx,web-auth,0,,,keyword-scan; runtime status only in audit report
packages/web-auth/src/storage.ts,web-auth,1,notice,119:notice,keyword-scan; runtime status only in audit report
packages/web-auth/src/store.ts,web-auth,3,"failure,notice",18:failure;113:notice;154:notice,keyword-scan; runtime status only in audit report
packages/web-auth/src/ui.tsx,web-auth,2,"failure,notice","260:failure,notice;270:failure",keyword-scan; runtime status only in audit report
packages/web-auth/src/user-menu.tsx,web-auth,1,recovery,211:recovery,keyword-scan; runtime status only in audit report
packages/web-auth/src/user-scope.ts,web-auth,1,recovery,9:recovery,keyword-scan; runtime status only in audit report
packages/web-auth/src/user-surface-content-page.tsx,web-auth,0,,,keyword-scan; runtime status only in audit report
packages/web-auth/src/user-surface-events.ts,web-auth,0,,,keyword-scan; runtime status only in audit report
packages/web-auth/src/user-surface-routing.ts,web-auth,0,,,keyword-scan; runtime status only in audit report
packages/web-auth/src/user-surface.tsx,web-auth,13,"failure,notice,recovery","154:failure;202:notice;474:failure;504:failure;640:failure;674:failure;699:failure;721:failure;743:failure;833:failure,notice;840:recovery;914:failure;1008:failure",keyword-scan; runtime status only in audit report
packages/web-shell/src/ai-search/AiPanel.tsx,web-shell,0,,,keyword-scan; runtime status only in audit report
packages/web-shell/src/ai-search/AiSearchPage.tsx,web-shell,4,"failure,notice,state",86:failure;94:notice;132:notice;349:state,keyword-scan; runtime status only in audit report
packages/web-shell/src/ai-search/SearchResultsPanel.tsx,web-shell,0,,,keyword-scan; runtime status only in audit report
packages/web-shell/src/ai-search/searchPageUtils.ts,web-shell,0,,,keyword-scan; runtime status only in audit report
packages/web-shell/src/ai-search/toolbar/SearchControls.tsx,web-shell,0,,,keyword-scan; runtime status only in audit report
packages/web-shell/src/ai-search/toolbar/TocMenu.tsx,web-shell,0,,,keyword-scan; runtime status only in audit report
packages/web-shell/src/ai-search/toolbar/Toolbar.tsx,web-shell,0,,,keyword-scan; runtime status only in audit report
packages/web-shell/src/ai-search/toolbar/ZoomControls.tsx,web-shell,0,,,keyword-scan; runtime status only in audit report
packages/web-shell/src/ai-search/toolbar/toolbarTypes.ts,web-shell,0,,,keyword-scan; runtime status only in audit report
packages/web-shell/src/app-frame.tsx,web-shell,0,,,keyword-scan; runtime status only in audit report
packages/web-shell/src/app-icon.ts,web-shell,0,,,keyword-scan; runtime status only in audit report
packages/web-shell/src/app-identity.ts,web-shell,0,,,keyword-scan; runtime status only in audit report
packages/web-shell/src/cn.ts,web-shell,0,,,keyword-scan; runtime status only in audit report
packages/web-shell/src/content-area.tsx,web-shell,3,state,43:state;48:state;51:state,keyword-scan; runtime status only in audit report
packages/web-shell/src/content-page-template.tsx,web-shell,0,,,keyword-scan; runtime status only in audit report
packages/web-shell/src/data-workspace-page.tsx,web-shell,6,"failure,recovery",156:failure;157:recovery;599:recovery;739:recovery;740:recovery;741:recovery,keyword-scan; runtime status only in audit report
packages/web-shell/src/favicon-sync.tsx,web-shell,0,,,keyword-scan; runtime status only in audit report
packages/web-shell/src/global-header-search.tsx,web-shell,0,,,keyword-scan; runtime status only in audit report
packages/web-shell/src/global-search-presentation.ts,web-shell,0,,,keyword-scan; runtime status only in audit report
packages/web-shell/src/global-search.tsx,web-shell,2,state,16:state;47:state,keyword-scan; runtime status only in audit report
packages/web-shell/src/header-notification-center.tsx,web-shell,0,,,keyword-scan; runtime status only in audit report
packages/web-shell/src/header.tsx,web-shell,0,,,keyword-scan; runtime status only in audit report
packages/web-shell/src/index.ts,web-shell,6,"route,state",78:state;255:state;262:state;306:route;480:state;498:state,keyword-scan; runtime status only in audit report
packages/web-shell/src/mdi-page-registry.tsx,web-shell,3,route,153:route;163:route;178:route,keyword-scan; runtime status only in audit report
packages/web-shell/src/mobile-shell.tsx,web-shell,0,,,keyword-scan; runtime status only in audit report
packages/web-shell/src/notification-center.tsx,web-shell,0,,,keyword-scan; runtime status only in audit report
packages/web-shell/src/page-breadcrumb.tsx,web-shell,0,,,keyword-scan; runtime status only in audit report
packages/web-shell/src/page-chrome-metrics.ts,web-shell,0,,,keyword-scan; runtime status only in audit report
packages/web-shell/src/page-chrome.tsx,web-shell,0,,,keyword-scan; runtime status only in audit report
packages/web-shell/src/page-header.tsx,web-shell,0,,,keyword-scan; runtime status only in audit report
packages/web-shell/src/page-index-rail.tsx,web-shell,0,,,keyword-scan; runtime status only in audit report
packages/web-shell/src/page-panel.tsx,web-shell,0,,,keyword-scan; runtime status only in audit report
packages/web-shell/src/route-policy.ts,web-shell,3,route,6:route;36:route;50:route,keyword-scan; runtime status only in audit report
packages/web-shell/src/search-input-autofill.ts,web-shell,0,,,keyword-scan; runtime status only in audit report
packages/web-shell/src/search-input.tsx,web-shell,0,,,keyword-scan; runtime status only in audit report
packages/web-shell/src/sectioned-shell.tsx,web-shell,0,,,keyword-scan; runtime status only in audit report
packages/web-shell/src/settings-page.tsx,web-shell,0,,,keyword-scan; runtime status only in audit report
packages/web-shell/src/settings-sidebar.tsx,web-shell,0,,,keyword-scan; runtime status only in audit report
packages/web-shell/src/settings-surface.tsx,web-shell,0,,,keyword-scan; runtime status only in audit report
packages/web-shell/src/shared-surface-content-page.tsx,web-shell,0,,,keyword-scan; runtime status only in audit report
packages/web-shell/src/shell-metrics.ts,web-shell,0,,,keyword-scan; runtime status only in audit report
packages/web-shell/src/sidebar.tsx,web-shell,6,state,631:state;636:state;957:state;1113:state;1134:state;1135:state,keyword-scan; runtime status only in audit report
packages/web-shell/src/source-filter-bar.tsx,web-shell,0,,,keyword-scan; runtime status only in audit report
packages/web-shell/src/tabbar.tsx,web-shell,0,,,keyword-scan; runtime status only in audit report
packages/web-shell/src/theme.ts,web-shell,0,,,keyword-scan; runtime status only in audit report
packages/web-shell/src/workbench-shell.tsx,web-shell,0,,,keyword-scan; runtime status only in audit report
packages/web-shell/src/workspace-page.tsx,web-shell,0,,,keyword-scan; runtime status only in audit report
packages/web-ui/src/alert-dialog.tsx,web-ui,0,,,keyword-scan; runtime status only in audit report
packages/web-ui/src/avatar.tsx,web-ui,0,,,keyword-scan; runtime status only in audit report
packages/web-ui/src/badge.tsx,web-ui,0,,,keyword-scan; runtime status only in audit report
packages/web-ui/src/button.tsx,web-ui,0,,,keyword-scan; runtime status only in audit report
packages/web-ui/src/card.tsx,web-ui,0,,,keyword-scan; runtime status only in audit report
packages/web-ui/src/checkbox.tsx,web-ui,0,,,keyword-scan; runtime status only in audit report
packages/web-ui/src/cn.ts,web-ui,0,,,keyword-scan; runtime status only in audit report
packages/web-ui/src/dialog.tsx,web-ui,0,,,keyword-scan; runtime status only in audit report
packages/web-ui/src/dropdown.tsx,web-ui,0,,,keyword-scan; runtime status only in audit report
packages/web-ui/src/index.ts,web-ui,0,,,keyword-scan; runtime status only in audit report
packages/web-ui/src/input.tsx,web-ui,0,,,keyword-scan; runtime status only in audit report
packages/web-ui/src/native-select.tsx,web-ui,0,,,keyword-scan; runtime status only in audit report
packages/web-ui/src/popup-backdrop.tsx,web-ui,0,,,keyword-scan; runtime status only in audit report
packages/web-ui/src/scroll-area.tsx,web-ui,0,,,keyword-scan; runtime status only in audit report
packages/web-ui/src/segmented-control.tsx,web-ui,0,,,keyword-scan; runtime status only in audit report
packages/web-ui/src/select.tsx,web-ui,0,,,keyword-scan; runtime status only in audit report
packages/web-ui/src/separator.tsx,web-ui,0,,,keyword-scan; runtime status only in audit report
packages/web-ui/src/skeleton.tsx,web-ui,0,,,keyword-scan; runtime status only in audit report
packages/web-ui/src/table.tsx,web-ui,0,,,keyword-scan; runtime status only in audit report
packages/web-ui/src/textarea.tsx,web-ui,0,,,keyword-scan; runtime status only in audit report
